,task_id,worker_id,real_answers,label_task,prob_task,prob_worker,label_worker,prob_answer,worker_answers,match
0,task_CV9,xbNWA,lung,easy_task,0.9100000000000001,0.8900000000000005,good_worker,0.9199,heart,0
1,task_CV9,JQtWi,lung,easy_task,0.9100000000000001,0.9100000000000001,good_worker,0.9181000000000001,heart,0
2,task_CV9,bUvzX,lung,easy_task,0.9100000000000001,0.9400000000000002,good_worker,0.9154000000000001,heart,0
3,task_CV9,ixEF8,lung,easy_task,0.9100000000000001,0.9800000000000002,good_worker,0.9118000000000002,heart,0
4,task_CV9,cmGxv,lung,easy_task,0.9100000000000001,0.9000000000000002,good_worker,0.9190000000000002,heart,0
5,task_CV9,Bpea7,lung,easy_task,0.9100000000000001,0.9500000000000002,good_worker,0.9145000000000001,heart,0
6,task_CV9,TbL4U,lung,easy_task,0.9100000000000001,0.9000000000000002,good_worker,0.9190000000000002,heart,0
7,task_CV9,e5fjL,lung,easy_task,0.9100000000000001,0.8600000000000002,good_worker,0.9226000000000001,heart,0
8,task_CV9,puNxr,lung,easy_task,0.9100000000000001,0.8600000000000002,good_worker,0.9226000000000001,heart,0
9,task_x5j,TbL4U,heart,easy_task,0.8400000000000001,0.9000000000000002,good_worker,0.8560000000000001,heart,1
10,task_x5j,cmEcz,heart,easy_task,0.8400000000000001,0.9100000000000001,good_worker,0.8544,heart,1
11,task_x5j,JQtWi,heart,easy_task,0.8400000000000001,0.9100000000000001,good_worker,0.8544,brain,0
12,task_x5j,EXN7W,heart,easy_task,0.8400000000000001,0.85,good_worker,0.8640000000000001,heart,1
13,task_x5j,Bpea7,heart,easy_task,0.8400000000000001,0.9500000000000002,good_worker,0.8480000000000001,heart,1
14,task_x5j,XXoBg,heart,easy_task,0.8400000000000001,0.8900000000000003,good_worker,0.8576,heart,1
15,task_x5j,bUvzX,heart,easy_task,0.8400000000000001,0.9400000000000002,good_worker,0.8496,heart,1
16,task_x5j,EQ3gR,heart,easy_task,0.8400000000000001,0.9700000000000004,good_worker,0.8448,heart,1
17,task_x5j,ixEF8,heart,easy_task,0.8400000000000001,0.9800000000000002,good_worker,0.8432000000000001,heart,1
18,task_8jg,Bpea7,blood,easy_task,0.9700000000000002,0.9500000000000002,good_worker,0.9715000000000001,heart,0
19,task_8jg,cmGxv,blood,easy_task,0.9700000000000002,0.9000000000000002,good_worker,0.9730000000000002,heart,0
20,task_8jg,QojUY,blood,easy_task,0.9700000000000002,0.9600000000000003,good_worker,0.9712000000000002,heart,0
21,task_8jg,e5fjL,blood,easy_task,0.9700000000000002,0.8600000000000002,good_worker,0.9742000000000002,heart,0
22,task_8jg,cXXaN,blood,easy_task,0.9700000000000002,0.9900000000000002,good_worker,0.9703000000000002,heart,0
23,task_8jg,EXN7W,blood,easy_task,0.9700000000000002,0.85,good_worker,0.9745000000000001,heart,0
24,task_8jg,cmEcz,blood,easy_task,0.9700000000000002,0.9100000000000001,good_worker,0.9727000000000001,heart,0
25,task_8jg,bUvzX,blood,easy_task,0.9700000000000002,0.9400000000000002,good_worker,0.9718000000000002,heart,0
26,task_8jg,XXoBg,blood,easy_task,0.9700000000000002,0.8900000000000003,good_worker,0.9733000000000002,heart,0
27,task_uUq,cmGxv,blood,easy_task,0.8500000000000001,0.9000000000000002,good_worker,0.865,heart,0
28,task_uUq,JQtWi,blood,easy_task,0.8500000000000001,0.9100000000000001,good_worker,0.8635,heart,0
29,task_uUq,xbNWA,blood,easy_task,0.8500000000000001,0.8900000000000005,good_worker,0.8665,heart,0
30,task_uUq,cmEcz,blood,easy_task,0.8500000000000001,0.9100000000000001,good_worker,0.8635,heart,0
31,task_uUq,QojUY,blood,easy_task,0.8500000000000001,0.9600000000000003,good_worker,0.8560000000000001,heart,0
32,task_uUq,e5fjL,blood,easy_task,0.8500000000000001,0.8600000000000002,good_worker,0.871,heart,0
33,task_uUq,ydABU,blood,easy_task,0.8500000000000001,0.84,good_worker,0.8740000000000001,heart,0
34,task_uUq,bUvzX,blood,easy_task,0.8500000000000001,0.9400000000000002,good_worker,0.8590000000000001,heart,0
35,task_uUq,Bpea7,blood,easy_task,0.8500000000000001,0.9500000000000002,good_worker,0.8575,heart,0
36,task_sAX,bUvzX,brain,easy_task,0.8700000000000001,0.9400000000000002,good_worker,0.8778000000000001,brain,1
37,task_sAX,QojUY,brain,easy_task,0.8700000000000001,0.9600000000000003,good_worker,0.8752000000000001,heart,0
38,task_sAX,Bpea7,brain,easy_task,0.8700000000000001,0.9500000000000002,good_worker,0.8765000000000001,heart,0
39,task_sAX,cmEcz,brain,easy_task,0.8700000000000001,0.9100000000000001,good_worker,0.8817,heart,0
40,task_sAX,cXXaN,brain,easy_task,0.8700000000000001,0.9900000000000002,good_worker,0.8713000000000001,heart,0
41,task_sAX,EXN7W,brain,easy_task,0.8700000000000001,0.85,good_worker,0.8895000000000001,heart,0
42,task_sAX,ixEF8,brain,easy_task,0.8700000000000001,0.9800000000000002,good_worker,0.8726,heart,0
43,task_sAX,cmGxv,brain,easy_task,0.8700000000000001,0.9000000000000002,good_worker,0.883,heart,0
44,task_sAX,X4KtA,brain,easy_task,0.8700000000000001,0.94,good_worker,0.8778000000000001,heart,0
45,task_CyF,QojUY,lung,easy_task,0.8700000000000001,0.9600000000000003,good_worker,0.8752000000000001,brain,0
46,task_CyF,cmGxv,lung,easy_task,0.8700000000000001,0.9000000000000002,good_worker,0.883,heart,0
47,task_CyF,X4KtA,lung,easy_task,0.8700000000000001,0.94,good_worker,0.8778000000000001,heart,0
48,task_CyF,e5fjL,lung,easy_task,0.8700000000000001,0.8600000000000002,good_worker,0.8882000000000001,heart,0
49,task_CyF,ydABU,lung,easy_task,0.8700000000000001,0.84,good_worker,0.8908,lung,1
50,task_CyF,bUvzX,lung,easy_task,0.8700000000000001,0.9400000000000002,good_worker,0.8778000000000001,heart,0
51,task_CyF,ixEF8,lung,easy_task,0.8700000000000001,0.9800000000000002,good_worker,0.8726,heart,0
52,task_CyF,puNxr,lung,easy_task,0.8700000000000001,0.8600000000000002,good_worker,0.8882000000000001,heart,0
53,task_CyF,EQ3gR,lung,easy_task,0.8700000000000001,0.9700000000000004,good_worker,0.8739,heart,0
54,task_qFC,XXoBg,blood,easy_task,0.9200000000000002,0.8900000000000003,good_worker,0.9288000000000001,heart,0
55,task_qFC,JQtWi,blood,easy_task,0.9200000000000002,0.9100000000000001,good_worker,0.9272000000000001,heart,0
56,task_qFC,e5fjL,blood,easy_task,0.9200000000000002,0.8600000000000002,good_worker,0.9312000000000001,heart,0
57,task_qFC,bUvzX,blood,easy_task,0.9200000000000002,0.9400000000000002,good_worker,0.9248000000000001,heart,0
58,task_qFC,cmGxv,blood,easy_task,0.9200000000000002,0.9000000000000002,good_worker,0.9280000000000002,heart,0
59,task_qFC,ixEF8,blood,easy_task,0.9200000000000002,0.9800000000000002,good_worker,0.9216000000000001,heart,0
60,task_qFC,puNxr,blood,easy_task,0.9200000000000002,0.8600000000000002,good_worker,0.9312000000000001,heart,0
61,task_qFC,cXXaN,blood,easy_task,0.9200000000000002,0.9900000000000002,good_worker,0.9208000000000002,heart,0
62,task_qFC,EXN7W,blood,easy_task,0.9200000000000002,0.85,good_worker,0.9320000000000002,heart,0
63,task_i8D,ixEF8,heart,easy_task,0.9200000000000002,0.9800000000000002,good_worker,0.9216000000000001,heart,1
64,task_i8D,cmGxv,heart,easy_task,0.9200000000000002,0.9000000000000002,good_worker,0.9280000000000002,heart,1
65,task_i8D,cXXaN,heart,easy_task,0.9200000000000002,0.9900000000000002,good_worker,0.9208000000000002,heart,1
66,task_i8D,ydABU,heart,easy_task,0.9200000000000002,0.84,good_worker,0.9328000000000001,heart,1
67,task_i8D,TbL4U,heart,easy_task,0.9200000000000002,0.9000000000000002,good_worker,0.9280000000000002,heart,1
68,task_i8D,xbNWA,heart,easy_task,0.9200000000000002,0.8900000000000005,good_worker,0.9288000000000001,heart,1
69,task_i8D,QojUY,heart,easy_task,0.9200000000000002,0.9600000000000003,good_worker,0.9232000000000001,heart,1
70,task_i8D,EQ3gR,heart,easy_task,0.9200000000000002,0.9700000000000004,good_worker,0.9224000000000001,heart,1
71,task_i8D,Bpea7,heart,easy_task,0.9200000000000002,0.9500000000000002,good_worker,0.9240000000000002,heart,1
72,task_2rq,X4KtA,lung,easy_task,0.9400000000000002,0.94,good_worker,0.9436000000000002,heart,0
73,task_2rq,e5fjL,lung,easy_task,0.9400000000000002,0.8600000000000002,good_worker,0.9484000000000001,heart,0
74,task_2rq,Bpea7,lung,easy_task,0.9400000000000002,0.9500000000000002,good_worker,0.9430000000000002,heart,0
75,task_2rq,ixEF8,lung,easy_task,0.9400000000000002,0.9800000000000002,good_worker,0.9412000000000001,brain,0
76,task_2rq,bUvzX,lung,easy_task,0.9400000000000002,0.9400000000000002,good_worker,0.9436000000000001,heart,0
77,task_2rq,cXXaN,lung,easy_task,0.9400000000000002,0.9900000000000002,good_worker,0.9406000000000001,heart,0
78,task_2rq,JQtWi,lung,easy_task,0.9400000000000002,0.9100000000000001,good_worker,0.9454000000000001,heart,0
79,task_2rq,puNxr,lung,easy_task,0.9400000000000002,0.8600000000000002,good_worker,0.9484000000000001,heart,0
80,task_2rq,QojUY,lung,easy_task,0.9400000000000002,0.9600000000000003,good_worker,0.9424000000000001,heart,0
81,task_Rq4,Bpea7,brain,easy_task,0.78,0.9500000000000002,good_worker,0.7909999999999999,lung,0
82,task_Rq4,EQ3gR,brain,easy_task,0.78,0.9700000000000004,good_worker,0.7866,lung,0
83,task_Rq4,X4KtA,brain,easy_task,0.78,0.94,good_worker,0.7932,heart,0
84,task_Rq4,bUvzX,brain,easy_task,0.78,0.9400000000000002,good_worker,0.7932,heart,0
85,task_Rq4,cmGxv,brain,easy_task,0.78,0.9000000000000002,good_worker,0.8019999999999999,heart,0
86,task_Rq4,xbNWA,brain,easy_task,0.78,0.8900000000000005,good_worker,0.8041999999999999,heart,0
87,task_Rq4,cmEcz,brain,easy_task,0.78,0.9100000000000001,good_worker,0.7998,heart,0
88,task_Rq4,ydABU,brain,easy_task,0.78,0.84,good_worker,0.8152,heart,0
89,task_Rq4,EXN7W,brain,easy_task,0.78,0.85,good_worker,0.8130000000000001,heart,0
90,task_kc9,cmEcz,blood,easy_task,0.9700000000000002,0.9100000000000001,good_worker,0.9727000000000001,heart,0
91,task_kc9,puNxr,blood,easy_task,0.9700000000000002,0.8600000000000002,good_worker,0.9742000000000002,brain,0
92,task_kc9,TbL4U,blood,easy_task,0.9700000000000002,0.9000000000000002,good_worker,0.9730000000000002,heart,0
93,task_kc9,bUvzX,blood,easy_task,0.9700000000000002,0.9400000000000002,good_worker,0.9718000000000002,heart,0
94,task_kc9,EXN7W,blood,easy_task,0.9700000000000002,0.85,good_worker,0.9745000000000001,heart,0
95,task_kc9,e5fjL,blood,easy_task,0.9700000000000002,0.8600000000000002,good_worker,0.9742000000000002,heart,0
96,task_kc9,JQtWi,blood,easy_task,0.9700000000000002,0.9100000000000001,good_worker,0.9727000000000001,heart,0
97,task_kc9,XXoBg,blood,easy_task,0.9700000000000002,0.8900000000000003,good_worker,0.9733000000000002,heart,0
98,task_kc9,QojUY,blood,easy_task,0.9700000000000002,0.9600000000000003,good_worker,0.9712000000000002,heart,0
99,task_HVf,e5fjL,blood,hard_task,0.55,0.8600000000000002,good_worker,0.613,heart,0
100,task_HVf,JQtWi,blood,hard_task,0.55,0.9100000000000001,good_worker,0.5905,brain,0
101,task_HVf,cmEcz,blood,hard_task,0.55,0.9100000000000001,good_worker,0.5905,brain,0
102,task_HVf,ydABU,blood,hard_task,0.55,0.84,good_worker,0.6220000000000001,heart,0
103,task_HVf,EXN7W,blood,hard_task,0.55,0.85,good_worker,0.6175,brain,0
104,task_HVf,EQ3gR,blood,hard_task,0.55,0.9700000000000004,good_worker,0.5634999999999999,liver,0
105,task_HVf,cmGxv,blood,hard_task,0.55,0.9000000000000002,good_worker,0.595,liver,0
106,task_HVf,TbL4U,blood,hard_task,0.55,0.9000000000000002,good_worker,0.595,brain,0
107,task_HVf,puNxr,blood,hard_task,0.55,0.8600000000000002,good_worker,0.613,lung,0
108,task_eMu,ydABU,lung,hard_task,0.6400000000000001,0.84,good_worker,0.6976000000000001,brain,0
109,task_eMu,XXoBg,lung,hard_task,0.6400000000000001,0.8900000000000003,good_worker,0.6796,lung,1
110,task_eMu,TbL4U,lung,hard_task,0.6400000000000001,0.9000000000000002,good_worker,0.676,liver,0
111,task_eMu,bUvzX,lung,hard_task,0.6400000000000001,0.9400000000000002,good_worker,0.6616000000000001,heart,0
112,task_eMu,cXXaN,lung,hard_task,0.6400000000000001,0.9900000000000002,good_worker,0.6436000000000001,brain,0
113,task_eMu,Bpea7,lung,hard_task,0.6400000000000001,0.9500000000000002,good_worker,0.658,heart,0
114,task_eMu,EXN7W,lung,hard_task,0.6400000000000001,0.85,good_worker,0.6940000000000002,heart,0
115,task_eMu,ixEF8,lung,hard_task,0.6400000000000001,0.9800000000000002,good_worker,0.6472,liver,0
116,task_eMu,EQ3gR,lung,hard_task,0.6400000000000001,0.9700000000000004,good_worker,0.6508,liver,0
117,task_DSD,ydABU,heart,easy_task,0.9500000000000002,0.84,good_worker,0.9580000000000002,heart,1
118,task_DSD,puNxr,heart,easy_task,0.9500000000000002,0.8600000000000002,good_worker,0.9570000000000002,heart,1
119,task_DSD,ixEF8,heart,easy_task,0.9500000000000002,0.9800000000000002,good_worker,0.9510000000000002,heart,1
120,task_DSD,XXoBg,heart,easy_task,0.9500000000000002,0.8900000000000003,good_worker,0.9555000000000001,heart,1
121,task_DSD,bUvzX,heart,easy_task,0.9500000000000002,0.9400000000000002,good_worker,0.9530000000000002,heart,1
122,task_DSD,e5fjL,heart,easy_task,0.9500000000000002,0.8600000000000002,good_worker,0.9570000000000002,heart,1
123,task_DSD,xbNWA,heart,easy_task,0.9500000000000002,0.8900000000000005,good_worker,0.9555000000000001,heart,1
124,task_DSD,Bpea7,heart,easy_task,0.9500000000000002,0.9500000000000002,good_worker,0.9525000000000001,heart,1
125,task_DSD,JQtWi,heart,easy_task,0.9500000000000002,0.9100000000000001,good_worker,0.9545000000000001,heart,1
126,task_Rqx,puNxr,blood,easy_task,0.8200000000000001,0.8600000000000002,good_worker,0.8452,heart,0
127,task_Rqx,EXN7W,blood,easy_task,0.8200000000000001,0.85,good_worker,0.8470000000000001,heart,0
128,task_Rqx,EQ3gR,blood,easy_task,0.8200000000000001,0.9700000000000004,good_worker,0.8254,heart,0
129,task_Rqx,Bpea7,blood,easy_task,0.8200000000000001,0.9500000000000002,good_worker,0.829,heart,0
130,task_Rqx,cmEcz,blood,easy_task,0.8200000000000001,0.9100000000000001,good_worker,0.8362,brain,0
131,task_Rqx,e5fjL,blood,easy_task,0.8200000000000001,0.8600000000000002,good_worker,0.8452,heart,0
132,task_Rqx,QojUY,blood,easy_task,0.8200000000000001,0.9600000000000003,good_worker,0.8272,liver,0
133,task_Rqx,X4KtA,blood,easy_task,0.8200000000000001,0.94,good_worker,0.8308000000000001,heart,0
134,task_Rqx,bUvzX,blood,easy_task,0.8200000000000001,0.9400000000000002,good_worker,0.8308,heart,0
135,task_GEV,cXXaN,heart,easy_task,0.9900000000000002,0.9900000000000002,good_worker,0.9901000000000002,heart,1
136,task_GEV,TbL4U,heart,easy_task,0.9900000000000002,0.9000000000000002,good_worker,0.9910000000000002,heart,1
137,task_GEV,ixEF8,heart,easy_task,0.9900000000000002,0.9800000000000002,good_worker,0.9902000000000002,heart,1
138,task_GEV,ydABU,heart,easy_task,0.9900000000000002,0.84,good_worker,0.9916000000000001,heart,1
139,task_GEV,EQ3gR,heart,easy_task,0.9900000000000002,0.9700000000000004,good_worker,0.9903000000000002,heart,1
140,task_GEV,cmEcz,heart,easy_task,0.9900000000000002,0.9100000000000001,good_worker,0.9909000000000002,heart,1
141,task_GEV,xbNWA,heart,easy_task,0.9900000000000002,0.8900000000000005,good_worker,0.9911000000000002,heart,1
142,task_GEV,XXoBg,heart,easy_task,0.9900000000000002,0.8900000000000003,good_worker,0.9911000000000002,heart,1
143,task_GEV,Bpea7,heart,easy_task,0.9900000000000002,0.9500000000000002,good_worker,0.9905000000000002,heart,1
144,task_kCq,bUvzX,heart,easy_task,0.9300000000000002,0.9400000000000002,good_worker,0.9342000000000001,heart,1
145,task_kCq,X4KtA,heart,easy_task,0.9300000000000002,0.94,good_worker,0.9342000000000001,heart,1
146,task_kCq,XXoBg,heart,easy_task,0.9300000000000002,0.8900000000000003,good_worker,0.9377000000000001,heart,1
147,task_kCq,Bpea7,heart,easy_task,0.9300000000000002,0.9500000000000002,good_worker,0.9335000000000001,heart,1
148,task_kCq,puNxr,heart,easy_task,0.9300000000000002,0.8600000000000002,good_worker,0.9398000000000001,heart,1
149,task_kCq,ixEF8,heart,easy_task,0.9300000000000002,0.9800000000000002,good_worker,0.9314000000000001,heart,1
150,task_kCq,EQ3gR,heart,easy_task,0.9300000000000002,0.9700000000000004,good_worker,0.9321000000000002,heart,1
151,task_kCq,QojUY,heart,easy_task,0.9300000000000002,0.9600000000000003,good_worker,0.9328000000000001,heart,1
152,task_kCq,EXN7W,heart,easy_task,0.9300000000000002,0.85,good_worker,0.9405000000000001,heart,1
153,task_c2Q,cXXaN,heart,easy_task,0.79,0.9900000000000002,good_worker,0.7921,heart,1
154,task_c2Q,puNxr,heart,easy_task,0.79,0.8600000000000002,good_worker,0.8194,heart,1
155,task_c2Q,bUvzX,heart,easy_task,0.79,0.9400000000000002,good_worker,0.8026,heart,1
156,task_c2Q,cmGxv,heart,easy_task,0.79,0.9000000000000002,good_worker,0.8109999999999999,heart,1
157,task_c2Q,Bpea7,heart,easy_task,0.79,0.9500000000000002,good_worker,0.8005,heart,1
158,task_c2Q,e5fjL,heart,easy_task,0.79,0.8600000000000002,good_worker,0.8194,heart,1
159,task_c2Q,EQ3gR,heart,easy_task,0.79,0.9700000000000004,good_worker,0.7963,heart,1
160,task_c2Q,ixEF8,heart,easy_task,0.79,0.9800000000000002,good_worker,0.7942,heart,1
161,task_c2Q,QojUY,heart,easy_task,0.79,0.9600000000000003,good_worker,0.7984,blood,0
162,task_EVj,XXoBg,brain,easy_task,0.9300000000000002,0.8900000000000003,good_worker,0.9377000000000001,heart,0
163,task_EVj,X4KtA,brain,easy_task,0.9300000000000002,0.94,good_worker,0.9342000000000001,heart,0
164,task_EVj,ydABU,brain,easy_task,0.9300000000000002,0.84,good_worker,0.9412000000000001,heart,0
165,task_EVj,cmGxv,brain,easy_task,0.9300000000000002,0.9000000000000002,good_worker,0.9370000000000002,lung,0
166,task_EVj,EQ3gR,brain,easy_task,0.9300000000000002,0.9700000000000004,good_worker,0.9321000000000002,heart,0
167,task_EVj,EXN7W,brain,easy_task,0.9300000000000002,0.85,good_worker,0.9405000000000001,heart,0
168,task_EVj,Bpea7,brain,easy_task,0.9300000000000002,0.9500000000000002,good_worker,0.9335000000000001,heart,0
169,task_EVj,QojUY,brain,easy_task,0.9300000000000002,0.9600000000000003,good_worker,0.9328000000000001,heart,0
170,task_EVj,cmEcz,brain,easy_task,0.9300000000000002,0.9100000000000001,good_worker,0.9363000000000001,heart,0
171,task_Znw,puNxr,brain,easy_task,0.76,0.8600000000000002,good_worker,0.7936,heart,0
172,task_Znw,XXoBg,brain,easy_task,0.76,0.8900000000000003,good_worker,0.7864,heart,0
173,task_Znw,QojUY,brain,easy_task,0.76,0.9600000000000003,good_worker,0.7696,heart,0
174,task_Znw,xbNWA,brain,easy_task,0.76,0.8900000000000005,good_worker,0.7863999999999999,heart,0
175,task_Znw,cXXaN,brain,easy_task,0.76,0.9900000000000002,good_worker,0.7624,heart,0
176,task_Znw,e5fjL,brain,easy_task,0.76,0.8600000000000002,good_worker,0.7936,heart,0
177,task_Znw,X4KtA,brain,easy_task,0.76,0.94,good_worker,0.7744,heart,0
178,task_Znw,EQ3gR,brain,easy_task,0.76,0.9700000000000004,good_worker,0.7671999999999999,heart,0
179,task_Znw,JQtWi,brain,easy_task,0.76,0.9100000000000001,good_worker,0.7816,heart,0
180,task_BjN,QojUY,heart,easy_task,0.75,0.9600000000000003,good_worker,0.7599999999999999,liver,0
181,task_BjN,bUvzX,heart,easy_task,0.75,0.9400000000000002,good_worker,0.7649999999999999,heart,1
182,task_BjN,puNxr,heart,easy_task,0.75,0.8600000000000002,good_worker,0.7849999999999999,heart,1
183,task_BjN,xbNWA,heart,easy_task,0.75,0.8900000000000005,good_worker,0.7774999999999999,brain,0
184,task_BjN,cmEcz,heart,easy_task,0.75,0.9100000000000001,good_worker,0.7725,heart,1
185,task_BjN,cmGxv,heart,easy_task,0.75,0.9000000000000002,good_worker,0.7749999999999999,heart,1
186,task_BjN,ydABU,heart,easy_task,0.75,0.84,good_worker,0.79,heart,1
187,task_BjN,ixEF8,heart,easy_task,0.75,0.9800000000000002,good_worker,0.7549999999999999,heart,1
188,task_BjN,EQ3gR,heart,easy_task,0.75,0.9700000000000004,good_worker,0.7574999999999998,heart,1
189,task_EAR,puNxr,lung,hard_task,0.7300000000000002,0.8600000000000002,good_worker,0.7678000000000001,blood,0
190,task_EAR,TbL4U,lung,hard_task,0.7300000000000002,0.9000000000000002,good_worker,0.7570000000000001,heart,0
191,task_EAR,XXoBg,lung,hard_task,0.7300000000000002,0.8900000000000003,good_worker,0.7597,brain,0
192,task_EAR,xbNWA,lung,hard_task,0.7300000000000002,0.8900000000000005,good_worker,0.7597,heart,0
193,task_EAR,X4KtA,lung,hard_task,0.7300000000000002,0.94,good_worker,0.7462000000000002,brain,0
194,task_EAR,ydABU,lung,hard_task,0.7300000000000002,0.84,good_worker,0.7732000000000002,heart,0
195,task_EAR,cmEcz,lung,hard_task,0.7300000000000002,0.9100000000000001,good_worker,0.7543000000000002,brain,0
196,task_EAR,bUvzX,lung,hard_task,0.7300000000000002,0.9400000000000002,good_worker,0.7462000000000002,heart,0
197,task_EAR,Bpea7,lung,hard_task,0.7300000000000002,0.9500000000000002,good_worker,0.7435000000000002,heart,0
198,task_WX2,cmEcz,heart,easy_task,0.8500000000000001,0.9100000000000001,good_worker,0.8635,heart,1
199,task_WX2,ydABU,heart,easy_task,0.8500000000000001,0.84,good_worker,0.8740000000000001,heart,1
200,task_WX2,cXXaN,heart,easy_task,0.8500000000000001,0.9900000000000002,good_worker,0.8515,heart,1
201,task_WX2,EXN7W,heart,easy_task,0.8500000000000001,0.85,good_worker,0.8725,heart,1
202,task_WX2,ixEF8,heart,easy_task,0.8500000000000001,0.9800000000000002,good_worker,0.8530000000000001,heart,1
203,task_WX2,xbNWA,heart,easy_task,0.8500000000000001,0.8900000000000005,good_worker,0.8665,heart,1
204,task_WX2,TbL4U,heart,easy_task,0.8500000000000001,0.9000000000000002,good_worker,0.865,heart,1
205,task_WX2,Bpea7,heart,easy_task,0.8500000000000001,0.9500000000000002,good_worker,0.8575,heart,1
206,task_WX2,bUvzX,heart,easy_task,0.8500000000000001,0.9400000000000002,good_worker,0.8590000000000001,heart,1
207,task_X6R,cXXaN,brain,easy_task,0.8300000000000001,0.9900000000000002,good_worker,0.8317,heart,0
208,task_X6R,X4KtA,brain,easy_task,0.8300000000000001,0.94,good_worker,0.8402000000000001,heart,0
209,task_X6R,Bpea7,brain,easy_task,0.8300000000000001,0.9500000000000002,good_worker,0.8385,liver,0
210,task_X6R,XXoBg,brain,easy_task,0.8300000000000001,0.8900000000000003,good_worker,0.8487,heart,0
211,task_X6R,EXN7W,brain,easy_task,0.8300000000000001,0.85,good_worker,0.8555,lung,0
212,task_X6R,cmGxv,brain,easy_task,0.8300000000000001,0.9000000000000002,good_worker,0.847,heart,0
213,task_X6R,EQ3gR,brain,easy_task,0.8300000000000001,0.9700000000000004,good_worker,0.8351,heart,0
214,task_X6R,xbNWA,brain,easy_task,0.8300000000000001,0.8900000000000005,good_worker,0.8487,heart,0
215,task_X6R,bUvzX,brain,easy_task,0.8300000000000001,0.9400000000000002,good_worker,0.8402000000000001,heart,0
216,task_gZZ,JQtWi,lung,easy_task,0.8600000000000001,0.9100000000000001,good_worker,0.8726,heart,0
217,task_gZZ,ixEF8,lung,easy_task,0.8600000000000001,0.9800000000000002,good_worker,0.8628,brain,0
218,task_gZZ,e5fjL,lung,easy_task,0.8600000000000001,0.8600000000000002,good_worker,0.8796,heart,0
219,task_gZZ,TbL4U,lung,easy_task,0.8600000000000001,0.9000000000000002,good_worker,0.8740000000000001,heart,0
220,task_gZZ,puNxr,lung,easy_task,0.8600000000000001,0.8600000000000002,good_worker,0.8796,heart,0
221,task_gZZ,X4KtA,lung,easy_task,0.8600000000000001,0.94,good_worker,0.8684000000000001,heart,0
222,task_gZZ,QojUY,lung,easy_task,0.8600000000000001,0.9600000000000003,good_worker,0.8656,heart,0
223,task_gZZ,cmGxv,lung,easy_task,0.8600000000000001,0.9000000000000002,good_worker,0.8740000000000001,heart,0
224,task_gZZ,XXoBg,lung,easy_task,0.8600000000000001,0.8900000000000003,good_worker,0.8754000000000001,heart,0
225,task_Pct,xbNWA,blood,easy_task,0.76,0.8900000000000005,good_worker,0.7863999999999999,liver,0
226,task_Pct,JQtWi,blood,easy_task,0.76,0.9100000000000001,good_worker,0.7816,heart,0
227,task_Pct,XXoBg,blood,easy_task,0.76,0.8900000000000003,good_worker,0.7864,heart,0
228,task_Pct,cmGxv,blood,easy_task,0.76,0.9000000000000002,good_worker,0.7839999999999999,heart,0
229,task_Pct,EXN7W,blood,easy_task,0.76,0.85,good_worker,0.796,lung,0
230,task_Pct,TbL4U,blood,easy_task,0.76,0.9000000000000002,good_worker,0.7839999999999999,lung,0
231,task_Pct,ydABU,blood,easy_task,0.76,0.84,good_worker,0.7984,heart,0
232,task_Pct,bUvzX,blood,easy_task,0.76,0.9400000000000002,good_worker,0.7744,heart,0
233,task_Pct,X4KtA,blood,easy_task,0.76,0.94,good_worker,0.7744,liver,0
234,task_W2z,cXXaN,heart,easy_task,0.9800000000000002,0.9900000000000002,good_worker,0.9802000000000002,heart,1
235,task_W2z,ydABU,heart,easy_task,0.9800000000000002,0.84,good_worker,0.9832000000000002,heart,1
236,task_W2z,X4KtA,heart,easy_task,0.9800000000000002,0.94,good_worker,0.9812000000000002,heart,1
237,task_W2z,xbNWA,heart,easy_task,0.9800000000000002,0.8900000000000005,good_worker,0.9822000000000002,heart,1
238,task_W2z,puNxr,heart,easy_task,0.9800000000000002,0.8600000000000002,good_worker,0.9828000000000001,heart,1
239,task_W2z,cmGxv,heart,easy_task,0.9800000000000002,0.9000000000000002,good_worker,0.9820000000000002,heart,1
240,task_W2z,TbL4U,heart,easy_task,0.9800000000000002,0.9000000000000002,good_worker,0.9820000000000002,heart,1
241,task_W2z,ixEF8,heart,easy_task,0.9800000000000002,0.9800000000000002,good_worker,0.9804000000000002,heart,1
242,task_W2z,XXoBg,heart,easy_task,0.9800000000000002,0.8900000000000003,good_worker,0.9822000000000002,heart,1
243,task_jw6,EXN7W,lung,easy_task,0.79,0.85,good_worker,0.8215,heart,0
244,task_jw6,cmEcz,lung,easy_task,0.79,0.9100000000000001,good_worker,0.8089,heart,0
245,task_jw6,cXXaN,lung,easy_task,0.79,0.9900000000000002,good_worker,0.7921,heart,0
246,task_jw6,Bpea7,lung,easy_task,0.79,0.9500000000000002,good_worker,0.8005,lung,1
247,task_jw6,e5fjL,lung,easy_task,0.79,0.8600000000000002,good_worker,0.8194,heart,0
248,task_jw6,ydABU,lung,easy_task,0.79,0.84,good_worker,0.8236,heart,0
249,task_jw6,X4KtA,lung,easy_task,0.79,0.94,good_worker,0.8026,heart,0
250,task_jw6,TbL4U,lung,easy_task,0.79,0.9000000000000002,good_worker,0.8109999999999999,heart,0
251,task_jw6,QojUY,lung,easy_task,0.79,0.9600000000000003,good_worker,0.7984,heart,0
252,task_TQA,ixEF8,blood,easy_task,0.8700000000000001,0.9800000000000002,good_worker,0.8726,heart,0
253,task_TQA,puNxr,blood,easy_task,0.8700000000000001,0.8600000000000002,good_worker,0.8882000000000001,heart,0
254,task_TQA,XXoBg,blood,easy_task,0.8700000000000001,0.8900000000000003,good_worker,0.8843000000000001,heart,0
255,task_TQA,ydABU,blood,easy_task,0.8700000000000001,0.84,good_worker,0.8908,heart,0
256,task_TQA,TbL4U,blood,easy_task,0.8700000000000001,0.9000000000000002,good_worker,0.883,brain,0
257,task_TQA,EQ3gR,blood,easy_task,0.8700000000000001,0.9700000000000004,good_worker,0.8739,heart,0
258,task_TQA,xbNWA,blood,easy_task,0.8700000000000001,0.8900000000000005,good_worker,0.8843000000000001,heart,0
259,task_TQA,e5fjL,blood,easy_task,0.8700000000000001,0.8600000000000002,good_worker,0.8882000000000001,heart,0
260,task_TQA,QojUY,blood,easy_task,0.8700000000000001,0.9600000000000003,good_worker,0.8752000000000001,heart,0
261,task_5We,QojUY,lung,easy_task,0.9000000000000001,0.9600000000000003,good_worker,0.9040000000000001,heart,0
262,task_5We,ydABU,lung,easy_task,0.9000000000000001,0.84,good_worker,0.9160000000000001,heart,0
263,task_5We,cmEcz,lung,easy_task,0.9000000000000001,0.9100000000000001,good_worker,0.9090000000000001,heart,0
264,task_5We,puNxr,lung,easy_task,0.9000000000000001,0.8600000000000002,good_worker,0.9140000000000001,heart,0
265,task_5We,XXoBg,lung,easy_task,0.9000000000000001,0.8900000000000003,good_worker,0.911,heart,0
266,task_5We,xbNWA,lung,easy_task,0.9000000000000001,0.8900000000000005,good_worker,0.911,heart,0
267,task_5We,e5fjL,lung,easy_task,0.9000000000000001,0.8600000000000002,good_worker,0.9140000000000001,heart,0
268,task_5We,EXN7W,lung,easy_task,0.9000000000000001,0.85,good_worker,0.9150000000000001,heart,0
269,task_5We,Bpea7,lung,easy_task,0.9000000000000001,0.9500000000000002,good_worker,0.9050000000000001,blood,0
270,task_ZoS,ydABU,brain,hard_task,0.6000000000000001,0.84,good_worker,0.6640000000000001,heart,0
271,task_ZoS,xbNWA,brain,hard_task,0.6000000000000001,0.8900000000000005,good_worker,0.6439999999999999,heart,0
272,task_ZoS,EQ3gR,brain,hard_task,0.6000000000000001,0.9700000000000004,good_worker,0.6119999999999999,heart,0
273,task_ZoS,Bpea7,brain,hard_task,0.6000000000000001,0.9500000000000002,good_worker,0.62,heart,0
274,task_ZoS,JQtWi,brain,hard_task,0.6000000000000001,0.9100000000000001,good_worker,0.636,heart,0
275,task_ZoS,QojUY,brain,hard_task,0.6000000000000001,0.9600000000000003,good_worker,0.616,heart,0
276,task_ZoS,ixEF8,brain,hard_task,0.6000000000000001,0.9800000000000002,good_worker,0.608,blood,0
277,task_ZoS,cmEcz,brain,hard_task,0.6000000000000001,0.9100000000000001,good_worker,0.636,liver,0
278,task_ZoS,TbL4U,brain,hard_task,0.6000000000000001,0.9000000000000002,good_worker,0.6399999999999999,liver,0
279,task_HLe,cmEcz,heart,easy_task,0.8600000000000001,0.9100000000000001,good_worker,0.8726,heart,1
280,task_HLe,EQ3gR,heart,easy_task,0.8600000000000001,0.9700000000000004,good_worker,0.8642000000000001,heart,1
281,task_HLe,TbL4U,heart,easy_task,0.8600000000000001,0.9000000000000002,good_worker,0.8740000000000001,heart,1
282,task_HLe,cmGxv,heart,easy_task,0.8600000000000001,0.9000000000000002,good_worker,0.8740000000000001,heart,1
283,task_HLe,X4KtA,heart,easy_task,0.8600000000000001,0.94,good_worker,0.8684000000000001,heart,1
284,task_HLe,bUvzX,heart,easy_task,0.8600000000000001,0.9400000000000002,good_worker,0.8684000000000001,heart,1
285,task_HLe,QojUY,heart,easy_task,0.8600000000000001,0.9600000000000003,good_worker,0.8656,heart,1
286,task_HLe,cXXaN,heart,easy_task,0.8600000000000001,0.9900000000000002,good_worker,0.8614,heart,1
287,task_HLe,xbNWA,heart,easy_task,0.8600000000000001,0.8900000000000005,good_worker,0.8754000000000001,heart,1
288,task_iLV,ydABU,heart,easy_task,0.9500000000000002,0.84,good_worker,0.9580000000000002,heart,1
289,task_iLV,ixEF8,heart,easy_task,0.9500000000000002,0.9800000000000002,good_worker,0.9510000000000002,heart,1
290,task_iLV,puNxr,heart,easy_task,0.9500000000000002,0.8600000000000002,good_worker,0.9570000000000002,heart,1
291,task_iLV,EXN7W,heart,easy_task,0.9500000000000002,0.85,good_worker,0.9575000000000001,heart,1
292,task_iLV,cXXaN,heart,easy_task,0.9500000000000002,0.9900000000000002,good_worker,0.9505000000000001,heart,1
293,task_iLV,bUvzX,heart,easy_task,0.9500000000000002,0.9400000000000002,good_worker,0.9530000000000002,heart,1
294,task_iLV,Bpea7,heart,easy_task,0.9500000000000002,0.9500000000000002,good_worker,0.9525000000000001,heart,1
295,task_iLV,cmGxv,heart,easy_task,0.9500000000000002,0.9000000000000002,good_worker,0.9550000000000002,heart,1
296,task_iLV,EQ3gR,heart,easy_task,0.9500000000000002,0.9700000000000004,good_worker,0.9515000000000001,heart,1
297,task_KJn,cmEcz,brain,easy_task,0.75,0.9100000000000001,good_worker,0.7725,heart,0
298,task_KJn,ixEF8,brain,easy_task,0.75,0.9800000000000002,good_worker,0.7549999999999999,heart,0
299,task_KJn,ydABU,brain,easy_task,0.75,0.84,good_worker,0.79,liver,0
300,task_KJn,bUvzX,brain,easy_task,0.75,0.9400000000000002,good_worker,0.7649999999999999,heart,0
301,task_KJn,X4KtA,brain,easy_task,0.75,0.94,good_worker,0.765,heart,0
302,task_KJn,xbNWA,brain,easy_task,0.75,0.8900000000000005,good_worker,0.7774999999999999,heart,0
303,task_KJn,puNxr,brain,easy_task,0.75,0.8600000000000002,good_worker,0.7849999999999999,heart,0
304,task_KJn,cXXaN,brain,easy_task,0.75,0.9900000000000002,good_worker,0.7525,liver,0
305,task_KJn,EQ3gR,brain,easy_task,0.75,0.9700000000000004,good_worker,0.7574999999999998,heart,0
306,task_gEG,JQtWi,brain,easy_task,0.8900000000000001,0.9100000000000001,good_worker,0.8999000000000001,heart,0
307,task_gEG,ixEF8,brain,easy_task,0.8900000000000001,0.9800000000000002,good_worker,0.8922000000000001,heart,0
308,task_gEG,QojUY,brain,easy_task,0.8900000000000001,0.9600000000000003,good_worker,0.8944000000000001,heart,0
309,task_gEG,EQ3gR,brain,easy_task,0.8900000000000001,0.9700000000000004,good_worker,0.8933000000000001,heart,0
310,task_gEG,TbL4U,brain,easy_task,0.8900000000000001,0.9000000000000002,good_worker,0.901,brain,1
311,task_gEG,e5fjL,brain,easy_task,0.8900000000000001,0.8600000000000002,good_worker,0.9054000000000001,heart,0
312,task_gEG,EXN7W,brain,easy_task,0.8900000000000001,0.85,good_worker,0.9065000000000001,heart,0
313,task_gEG,puNxr,brain,easy_task,0.8900000000000001,0.8600000000000002,good_worker,0.9054000000000001,heart,0
314,task_gEG,XXoBg,brain,easy_task,0.8900000000000001,0.8900000000000003,good_worker,0.9021000000000001,heart,0
315,task_LuN,TbL4U,blood,easy_task,0.8600000000000001,0.9000000000000002,good_worker,0.8740000000000001,heart,0
316,task_LuN,ixEF8,blood,easy_task,0.8600000000000001,0.9800000000000002,good_worker,0.8628,heart,0
317,task_LuN,cmEcz,blood,easy_task,0.8600000000000001,0.9100000000000001,good_worker,0.8726,heart,0
318,task_LuN,cmGxv,blood,easy_task,0.8600000000000001,0.9000000000000002,good_worker,0.8740000000000001,heart,0
319,task_LuN,JQtWi,blood,easy_task,0.8600000000000001,0.9100000000000001,good_worker,0.8726,heart,0
320,task_LuN,ydABU,blood,easy_task,0.8600000000000001,0.84,good_worker,0.8824000000000001,heart,0
321,task_LuN,XXoBg,blood,easy_task,0.8600000000000001,0.8900000000000003,good_worker,0.8754000000000001,heart,0
322,task_LuN,e5fjL,blood,easy_task,0.8600000000000001,0.8600000000000002,good_worker,0.8796,heart,0
323,task_LuN,puNxr,blood,easy_task,0.8600000000000001,0.8600000000000002,good_worker,0.8796,heart,0
324,task_ydG,cXXaN,heart,easy_task,0.9800000000000002,0.9900000000000002,good_worker,0.9802000000000002,heart,1
325,task_ydG,TbL4U,heart,easy_task,0.9800000000000002,0.9000000000000002,good_worker,0.9820000000000002,heart,1
326,task_ydG,XXoBg,heart,easy_task,0.9800000000000002,0.8900000000000003,good_worker,0.9822000000000002,heart,1
327,task_ydG,JQtWi,heart,easy_task,0.9800000000000002,0.9100000000000001,good_worker,0.9818000000000002,heart,1
328,task_ydG,EXN7W,heart,easy_task,0.9800000000000002,0.85,good_worker,0.9830000000000002,heart,1
329,task_ydG,puNxr,heart,easy_task,0.9800000000000002,0.8600000000000002,good_worker,0.9828000000000001,heart,1
330,task_ydG,cmGxv,heart,easy_task,0.9800000000000002,0.9000000000000002,good_worker,0.9820000000000002,heart,1
331,task_ydG,EQ3gR,heart,easy_task,0.9800000000000002,0.9700000000000004,good_worker,0.9806000000000001,heart,1
332,task_ydG,ixEF8,heart,easy_task,0.9800000000000002,0.9800000000000002,good_worker,0.9804000000000002,heart,1
333,task_bRs,QojUY,lung,easy_task,0.9100000000000001,0.9600000000000003,good_worker,0.9136000000000001,heart,0
334,task_bRs,XXoBg,lung,easy_task,0.9100000000000001,0.8900000000000003,good_worker,0.9199,heart,0
335,task_bRs,EXN7W,lung,easy_task,0.9100000000000001,0.85,good_worker,0.9235000000000001,heart,0
336,task_bRs,xbNWA,lung,easy_task,0.9100000000000001,0.8900000000000005,good_worker,0.9199,heart,0
337,task_bRs,EQ3gR,lung,easy_task,0.9100000000000001,0.9700000000000004,good_worker,0.9127000000000001,heart,0
338,task_bRs,cXXaN,lung,easy_task,0.9100000000000001,0.9900000000000002,good_worker,0.9109000000000002,heart,0
339,task_bRs,cmGxv,lung,easy_task,0.9100000000000001,0.9000000000000002,good_worker,0.9190000000000002,heart,0
340,task_bRs,ydABU,lung,easy_task,0.9100000000000001,0.84,good_worker,0.9244000000000001,heart,0
341,task_bRs,JQtWi,lung,easy_task,0.9100000000000001,0.9100000000000001,good_worker,0.9181000000000001,heart,0
342,task_8Gn,TbL4U,heart,easy_task,0.79,0.9000000000000002,good_worker,0.8109999999999999,heart,1
343,task_8Gn,xbNWA,heart,easy_task,0.79,0.8900000000000005,good_worker,0.8130999999999999,heart,1
344,task_8Gn,QojUY,heart,easy_task,0.79,0.9600000000000003,good_worker,0.7984,heart,1
345,task_8Gn,cmEcz,heart,easy_task,0.79,0.9100000000000001,good_worker,0.8089,heart,1
346,task_8Gn,X4KtA,heart,easy_task,0.79,0.94,good_worker,0.8026,heart,1
347,task_8Gn,e5fjL,heart,easy_task,0.79,0.8600000000000002,good_worker,0.8194,liver,0
348,task_8Gn,ydABU,heart,easy_task,0.79,0.84,good_worker,0.8236,heart,1
349,task_8Gn,cmGxv,heart,easy_task,0.79,0.9000000000000002,good_worker,0.8109999999999999,heart,1
350,task_8Gn,Bpea7,heart,easy_task,0.79,0.9500000000000002,good_worker,0.8005,heart,1
351,task_YxQ,cmGxv,lung,easy_task,0.9600000000000002,0.9000000000000002,good_worker,0.9640000000000002,heart,0
352,task_YxQ,ixEF8,lung,easy_task,0.9600000000000002,0.9800000000000002,good_worker,0.9608000000000002,heart,0
353,task_YxQ,bUvzX,lung,easy_task,0.9600000000000002,0.9400000000000002,good_worker,0.9624000000000001,heart,0
354,task_YxQ,JQtWi,lung,easy_task,0.9600000000000002,0.9100000000000001,good_worker,0.9636000000000001,heart,0
355,task_YxQ,EQ3gR,lung,easy_task,0.9600000000000002,0.9700000000000004,good_worker,0.9612000000000002,heart,0
356,task_YxQ,ydABU,lung,easy_task,0.9600000000000002,0.84,good_worker,0.9664000000000001,heart,0
357,task_YxQ,xbNWA,lung,easy_task,0.9600000000000002,0.8900000000000005,good_worker,0.9644000000000001,heart,0
358,task_YxQ,cmEcz,lung,easy_task,0.9600000000000002,0.9100000000000001,good_worker,0.9636000000000001,heart,0
359,task_YxQ,puNxr,lung,easy_task,0.9600000000000002,0.8600000000000002,good_worker,0.9656000000000001,heart,0
360,task_F9j,puNxr,brain,easy_task,0.81,0.8600000000000002,good_worker,0.8366,heart,0
361,task_F9j,X4KtA,brain,easy_task,0.81,0.94,good_worker,0.8214,heart,0
362,task_F9j,ydABU,brain,easy_task,0.81,0.84,good_worker,0.8404,heart,0
363,task_F9j,EXN7W,brain,easy_task,0.81,0.85,good_worker,0.8385,heart,0
364,task_F9j,xbNWA,brain,easy_task,0.81,0.8900000000000005,good_worker,0.8309,heart,0
365,task_F9j,Bpea7,brain,easy_task,0.81,0.9500000000000002,good_worker,0.8195,lung,0
366,task_F9j,cmEcz,brain,easy_task,0.81,0.9100000000000001,good_worker,0.8271000000000001,liver,0
367,task_F9j,TbL4U,brain,easy_task,0.81,0.9000000000000002,good_worker,0.829,brain,1
368,task_F9j,XXoBg,brain,easy_task,0.81,0.8900000000000003,good_worker,0.8309,heart,0
369,task_thS,e5fjL,blood,easy_task,0.9900000000000002,0.8600000000000002,good_worker,0.9914000000000002,heart,0
370,task_thS,EXN7W,blood,easy_task,0.9900000000000002,0.85,good_worker,0.9915000000000002,heart,0
371,task_thS,JQtWi,blood,easy_task,0.9900000000000002,0.9100000000000001,good_worker,0.9909000000000002,heart,0
372,task_thS,bUvzX,blood,easy_task,0.9900000000000002,0.9400000000000002,good_worker,0.9906000000000001,heart,0
373,task_thS,cmEcz,blood,easy_task,0.9900000000000002,0.9100000000000001,good_worker,0.9909000000000002,heart,0
374,task_thS,ydABU,blood,easy_task,0.9900000000000002,0.84,good_worker,0.9916000000000001,heart,0
375,task_thS,QojUY,blood,easy_task,0.9900000000000002,0.9600000000000003,good_worker,0.9904000000000002,heart,0
376,task_thS,cmGxv,blood,easy_task,0.9900000000000002,0.9000000000000002,good_worker,0.9910000000000002,heart,0
377,task_thS,XXoBg,blood,easy_task,0.9900000000000002,0.8900000000000003,good_worker,0.9911000000000002,heart,0
378,task_MNu,cmEcz,blood,easy_task,0.9300000000000002,0.9100000000000001,good_worker,0.9363000000000001,heart,0
379,task_MNu,XXoBg,blood,easy_task,0.9300000000000002,0.8900000000000003,good_worker,0.9377000000000001,heart,0
380,task_MNu,cmGxv,blood,easy_task,0.9300000000000002,0.9000000000000002,good_worker,0.9370000000000002,heart,0
381,task_MNu,xbNWA,blood,easy_task,0.9300000000000002,0.8900000000000005,good_worker,0.9377000000000001,heart,0
382,task_MNu,JQtWi,blood,easy_task,0.9300000000000002,0.9100000000000001,good_worker,0.9363000000000001,heart,0
383,task_MNu,QojUY,blood,easy_task,0.9300000000000002,0.9600000000000003,good_worker,0.9328000000000001,heart,0
384,task_MNu,ydABU,blood,easy_task,0.9300000000000002,0.84,good_worker,0.9412000000000001,heart,0
385,task_MNu,ixEF8,blood,easy_task,0.9300000000000002,0.9800000000000002,good_worker,0.9314000000000001,heart,0
386,task_MNu,cXXaN,blood,easy_task,0.9300000000000002,0.9900000000000002,good_worker,0.9307000000000001,heart,0
387,task_b4V,EQ3gR,brain,hard_task,0.7100000000000002,0.9700000000000004,good_worker,0.7187000000000001,heart,0
388,task_b4V,xbNWA,brain,hard_task,0.7100000000000002,0.8900000000000005,good_worker,0.7419,heart,0
389,task_b4V,e5fjL,brain,hard_task,0.7100000000000002,0.8600000000000002,good_worker,0.7506000000000002,heart,0
390,task_b4V,bUvzX,brain,hard_task,0.7100000000000002,0.9400000000000002,good_worker,0.7274,blood,0
391,task_b4V,cmGxv,brain,hard_task,0.7100000000000002,0.9000000000000002,good_worker,0.7390000000000001,heart,0
392,task_b4V,JQtWi,brain,hard_task,0.7100000000000002,0.9100000000000001,good_worker,0.7361000000000002,liver,0
393,task_b4V,ydABU,brain,hard_task,0.7100000000000002,0.84,good_worker,0.7564000000000002,heart,0
394,task_b4V,puNxr,brain,hard_task,0.7100000000000002,0.8600000000000002,good_worker,0.7506000000000002,blood,0
395,task_b4V,EXN7W,brain,hard_task,0.7100000000000002,0.85,good_worker,0.7535000000000002,heart,0
396,task_Uoj,X4KtA,liver,easy_task,0.8300000000000001,0.94,good_worker,0.8402000000000001,heart,0
397,task_Uoj,Bpea7,liver,easy_task,0.8300000000000001,0.9500000000000002,good_worker,0.8385,brain,0
398,task_Uoj,e5fjL,liver,easy_task,0.8300000000000001,0.8600000000000002,good_worker,0.8538,heart,0
399,task_Uoj,ixEF8,liver,easy_task,0.8300000000000001,0.9800000000000002,good_worker,0.8334,heart,0
400,task_Uoj,cmGxv,liver,easy_task,0.8300000000000001,0.9000000000000002,good_worker,0.847,heart,0
401,task_Uoj,xbNWA,liver,easy_task,0.8300000000000001,0.8900000000000005,good_worker,0.8487,heart,0
402,task_Uoj,JQtWi,liver,easy_task,0.8300000000000001,0.9100000000000001,good_worker,0.8453,heart,0
403,task_Uoj,ydABU,liver,easy_task,0.8300000000000001,0.84,good_worker,0.8572000000000001,heart,0
404,task_Uoj,EQ3gR,liver,easy_task,0.8300000000000001,0.9700000000000004,good_worker,0.8351,heart,0
405,task_n4K,QojUY,brain,easy_task,0.8400000000000001,0.9600000000000003,good_worker,0.8464,heart,0
406,task_n4K,puNxr,brain,easy_task,0.8400000000000001,0.8600000000000002,good_worker,0.8624,heart,0
407,task_n4K,cmEcz,brain,easy_task,0.8400000000000001,0.9100000000000001,good_worker,0.8544,liver,0
408,task_n4K,bUvzX,brain,easy_task,0.8400000000000001,0.9400000000000002,good_worker,0.8496,heart,0
409,task_n4K,xbNWA,brain,easy_task,0.8400000000000001,0.8900000000000005,good_worker,0.8576,heart,0
410,task_n4K,JQtWi,brain,easy_task,0.8400000000000001,0.9100000000000001,good_worker,0.8544,heart,0
411,task_n4K,cXXaN,brain,easy_task,0.8400000000000001,0.9900000000000002,good_worker,0.8416,heart,0
412,task_n4K,ixEF8,brain,easy_task,0.8400000000000001,0.9800000000000002,good_worker,0.8432000000000001,liver,0
413,task_n4K,X4KtA,brain,easy_task,0.8400000000000001,0.94,good_worker,0.8496000000000001,heart,0
414,task_o4z,JQtWi,liver,easy_task,0.9100000000000001,0.9100000000000001,good_worker,0.9181000000000001,heart,0
415,task_o4z,e5fjL,liver,easy_task,0.9100000000000001,0.8600000000000002,good_worker,0.9226000000000001,heart,0
416,task_o4z,xbNWA,liver,easy_task,0.9100000000000001,0.8900000000000005,good_worker,0.9199,heart,0
417,task_o4z,EQ3gR,liver,easy_task,0.9100000000000001,0.9700000000000004,good_worker,0.9127000000000001,heart,0
418,task_o4z,ydABU,liver,easy_task,0.9100000000000001,0.84,good_worker,0.9244000000000001,heart,0
419,task_o4z,puNxr,liver,easy_task,0.9100000000000001,0.8600000000000002,good_worker,0.9226000000000001,heart,0
420,task_o4z,QojUY,liver,easy_task,0.9100000000000001,0.9600000000000003,good_worker,0.9136000000000001,heart,0
421,task_o4z,TbL4U,liver,easy_task,0.9100000000000001,0.9000000000000002,good_worker,0.9190000000000002,heart,0
422,task_o4z,cXXaN,liver,easy_task,0.9100000000000001,0.9900000000000002,good_worker,0.9109000000000002,heart,0
423,task_Ahy,EXN7W,heart,easy_task,0.9600000000000002,0.85,good_worker,0.9660000000000002,heart,1
424,task_Ahy,cXXaN,heart,easy_task,0.9600000000000002,0.9900000000000002,good_worker,0.9604000000000001,heart,1
425,task_Ahy,ydABU,heart,easy_task,0.9600000000000002,0.84,good_worker,0.9664000000000001,heart,1
426,task_Ahy,cmEcz,heart,easy_task,0.9600000000000002,0.9100000000000001,good_worker,0.9636000000000001,heart,1
427,task_Ahy,puNxr,heart,easy_task,0.9600000000000002,0.8600000000000002,good_worker,0.9656000000000001,heart,1
428,task_Ahy,bUvzX,heart,easy_task,0.9600000000000002,0.9400000000000002,good_worker,0.9624000000000001,heart,1
429,task_Ahy,QojUY,heart,easy_task,0.9600000000000002,0.9600000000000003,good_worker,0.9616000000000001,heart,1
430,task_Ahy,XXoBg,heart,easy_task,0.9600000000000002,0.8900000000000003,good_worker,0.9644000000000001,heart,1
431,task_Ahy,TbL4U,heart,easy_task,0.9600000000000002,0.9000000000000002,good_worker,0.9640000000000002,heart,1
432,task_UjW,bUvzX,lung,easy_task,0.78,0.9400000000000002,good_worker,0.7932,heart,0
433,task_UjW,Bpea7,lung,easy_task,0.78,0.9500000000000002,good_worker,0.7909999999999999,heart,0
434,task_UjW,puNxr,lung,easy_task,0.78,0.8600000000000002,good_worker,0.8108,heart,0
435,task_UjW,TbL4U,lung,easy_task,0.78,0.9000000000000002,good_worker,0.8019999999999999,heart,0
436,task_UjW,JQtWi,lung,easy_task,0.78,0.9100000000000001,good_worker,0.7998,heart,0
437,task_UjW,EQ3gR,lung,easy_task,0.78,0.9700000000000004,good_worker,0.7866,brain,0
438,task_UjW,xbNWA,lung,easy_task,0.78,0.8900000000000005,good_worker,0.8041999999999999,heart,0
439,task_UjW,EXN7W,lung,easy_task,0.78,0.85,good_worker,0.8130000000000001,heart,0
440,task_UjW,cmEcz,lung,easy_task,0.78,0.9100000000000001,good_worker,0.7998,heart,0
441,task_tvg,XXoBg,brain,easy_task,0.8600000000000001,0.8900000000000003,good_worker,0.8754000000000001,heart,0
442,task_tvg,EXN7W,brain,easy_task,0.8600000000000001,0.85,good_worker,0.8810000000000001,heart,0
443,task_tvg,X4KtA,brain,easy_task,0.8600000000000001,0.94,good_worker,0.8684000000000001,heart,0
444,task_tvg,cmEcz,brain,easy_task,0.8600000000000001,0.9100000000000001,good_worker,0.8726,heart,0
445,task_tvg,EQ3gR,brain,easy_task,0.8600000000000001,0.9700000000000004,good_worker,0.8642000000000001,heart,0
446,task_tvg,cXXaN,brain,easy_task,0.8600000000000001,0.9900000000000002,good_worker,0.8614,heart,0
447,task_tvg,TbL4U,brain,easy_task,0.8600000000000001,0.9000000000000002,good_worker,0.8740000000000001,heart,0
448,task_tvg,e5fjL,brain,easy_task,0.8600000000000001,0.8600000000000002,good_worker,0.8796,heart,0
449,task_tvg,JQtWi,brain,easy_task,0.8600000000000001,0.9100000000000001,good_worker,0.8726,heart,0
450,task_sEu,EQ3gR,brain,easy_task,0.9700000000000002,0.9700000000000004,good_worker,0.9709000000000002,heart,0
451,task_sEu,bUvzX,brain,easy_task,0.9700000000000002,0.9400000000000002,good_worker,0.9718000000000002,heart,0
452,task_sEu,cmGxv,brain,easy_task,0.9700000000000002,0.9000000000000002,good_worker,0.9730000000000002,heart,0
453,task_sEu,ixEF8,brain,easy_task,0.9700000000000002,0.9800000000000002,good_worker,0.9706000000000001,heart,0
454,task_sEu,QojUY,brain,easy_task,0.9700000000000002,0.9600000000000003,good_worker,0.9712000000000002,heart,0
455,task_sEu,puNxr,brain,easy_task,0.9700000000000002,0.8600000000000002,good_worker,0.9742000000000002,heart,0
456,task_sEu,X4KtA,brain,easy_task,0.9700000000000002,0.94,good_worker,0.9718000000000002,heart,0
457,task_sEu,TbL4U,brain,easy_task,0.9700000000000002,0.9000000000000002,good_worker,0.9730000000000002,heart,0
458,task_sEu,cXXaN,brain,easy_task,0.9700000000000002,0.9900000000000002,good_worker,0.9703000000000002,heart,0
459,task_5Su,XXoBg,blood,easy_task,0.9400000000000002,0.8900000000000003,good_worker,0.9466000000000001,heart,0
460,task_5Su,puNxr,blood,easy_task,0.9400000000000002,0.8600000000000002,good_worker,0.9484000000000001,heart,0
461,task_5Su,EXN7W,blood,easy_task,0.9400000000000002,0.85,good_worker,0.9490000000000002,heart,0
462,task_5Su,X4KtA,blood,easy_task,0.9400000000000002,0.94,good_worker,0.9436000000000002,heart,0
463,task_5Su,xbNWA,blood,easy_task,0.9400000000000002,0.8900000000000005,good_worker,0.9466000000000001,heart,0
464,task_5Su,e5fjL,blood,easy_task,0.9400000000000002,0.8600000000000002,good_worker,0.9484000000000001,liver,0
465,task_5Su,Bpea7,blood,easy_task,0.9400000000000002,0.9500000000000002,good_worker,0.9430000000000002,heart,0
466,task_5Su,JQtWi,blood,easy_task,0.9400000000000002,0.9100000000000001,good_worker,0.9454000000000001,heart,0
467,task_5Su,cXXaN,blood,easy_task,0.9400000000000002,0.9900000000000002,good_worker,0.9406000000000001,lung,0
468,task_2Dt,bUvzX,liver,hard_task,0.55,0.9400000000000002,good_worker,0.577,heart,0
469,task_2Dt,cXXaN,liver,hard_task,0.55,0.9900000000000002,good_worker,0.5545,heart,0
470,task_2Dt,XXoBg,liver,hard_task,0.55,0.8900000000000003,good_worker,0.5994999999999999,blood,0
471,task_2Dt,ixEF8,liver,hard_task,0.55,0.9800000000000002,good_worker,0.5589999999999999,blood,0
472,task_2Dt,EXN7W,liver,hard_task,0.55,0.85,good_worker,0.6175,liver,1
473,task_2Dt,xbNWA,liver,hard_task,0.55,0.8900000000000005,good_worker,0.5994999999999998,liver,1
474,task_2Dt,QojUY,liver,hard_task,0.55,0.9600000000000003,good_worker,0.5679999999999998,heart,0
475,task_2Dt,cmEcz,liver,hard_task,0.55,0.9100000000000001,good_worker,0.5905,heart,0
476,task_2Dt,JQtWi,liver,hard_task,0.55,0.9100000000000001,good_worker,0.5905,lung,0
477,task_Jb4,Bpea7,heart,easy_task,0.8900000000000001,0.9500000000000002,good_worker,0.8955000000000001,lung,0
478,task_Jb4,cmGxv,heart,easy_task,0.8900000000000001,0.9000000000000002,good_worker,0.901,heart,1
479,task_Jb4,X4KtA,heart,easy_task,0.8900000000000001,0.94,good_worker,0.8966000000000001,heart,1
480,task_Jb4,bUvzX,heart,easy_task,0.8900000000000001,0.9400000000000002,good_worker,0.8966000000000001,heart,1
481,task_Jb4,cXXaN,heart,easy_task,0.8900000000000001,0.9900000000000002,good_worker,0.8911000000000001,heart,1
482,task_Jb4,cmEcz,heart,easy_task,0.8900000000000001,0.9100000000000001,good_worker,0.8999000000000001,heart,1
483,task_Jb4,EQ3gR,heart,easy_task,0.8900000000000001,0.9700000000000004,good_worker,0.8933000000000001,heart,1
484,task_Jb4,puNxr,heart,easy_task,0.8900000000000001,0.8600000000000002,good_worker,0.9054000000000001,heart,1
485,task_Jb4,ixEF8,heart,easy_task,0.8900000000000001,0.9800000000000002,good_worker,0.8922000000000001,lung,0
486,task_vLv,X4KtA,lung,easy_task,0.9300000000000002,0.94,good_worker,0.9342000000000001,heart,0
487,task_vLv,QojUY,lung,easy_task,0.9300000000000002,0.9600000000000003,good_worker,0.9328000000000001,heart,0
488,task_vLv,bUvzX,lung,easy_task,0.9300000000000002,0.9400000000000002,good_worker,0.9342000000000001,heart,0
489,task_vLv,JQtWi,lung,easy_task,0.9300000000000002,0.9100000000000001,good_worker,0.9363000000000001,heart,0
490,task_vLv,cmGxv,lung,easy_task,0.9300000000000002,0.9000000000000002,good_worker,0.9370000000000002,heart,0
491,task_vLv,cmEcz,lung,easy_task,0.9300000000000002,0.9100000000000001,good_worker,0.9363000000000001,heart,0
492,task_vLv,ydABU,lung,easy_task,0.9300000000000002,0.84,good_worker,0.9412000000000001,heart,0
493,task_vLv,TbL4U,lung,easy_task,0.9300000000000002,0.9000000000000002,good_worker,0.9370000000000002,heart,0
494,task_vLv,Bpea7,lung,easy_task,0.9300000000000002,0.9500000000000002,good_worker,0.9335000000000001,heart,0
495,task_dBy,cXXaN,blood,easy_task,0.9900000000000002,0.9900000000000002,good_worker,0.9901000000000002,heart,0
496,task_dBy,TbL4U,blood,easy_task,0.9900000000000002,0.9000000000000002,good_worker,0.9910000000000002,heart,0
497,task_dBy,puNxr,blood,easy_task,0.9900000000000002,0.8600000000000002,good_worker,0.9914000000000002,heart,0
498,task_dBy,cmEcz,blood,easy_task,0.9900000000000002,0.9100000000000001,good_worker,0.9909000000000002,heart,0
499,task_dBy,X4KtA,blood,easy_task,0.9900000000000002,0.94,good_worker,0.9906000000000001,heart,0
500,task_dBy,ixEF8,blood,easy_task,0.9900000000000002,0.9800000000000002,good_worker,0.9902000000000002,heart,0
501,task_dBy,e5fjL,blood,easy_task,0.9900000000000002,0.8600000000000002,good_worker,0.9914000000000002,heart,0
502,task_dBy,ydABU,blood,easy_task,0.9900000000000002,0.84,good_worker,0.9916000000000001,heart,0
503,task_dBy,XXoBg,blood,easy_task,0.9900000000000002,0.8900000000000003,good_worker,0.9911000000000002,heart,0
504,task_3H7,QojUY,lung,easy_task,0.8600000000000001,0.9600000000000003,good_worker,0.8656,heart,0
505,task_3H7,cXXaN,lung,easy_task,0.8600000000000001,0.9900000000000002,good_worker,0.8614,heart,0
506,task_3H7,cmEcz,lung,easy_task,0.8600000000000001,0.9100000000000001,good_worker,0.8726,heart,0
507,task_3H7,ydABU,lung,easy_task,0.8600000000000001,0.84,good_worker,0.8824000000000001,heart,0
508,task_3H7,puNxr,lung,easy_task,0.8600000000000001,0.8600000000000002,good_worker,0.8796,heart,0
509,task_3H7,XXoBg,lung,easy_task,0.8600000000000001,0.8900000000000003,good_worker,0.8754000000000001,heart,0
510,task_3H7,bUvzX,lung,easy_task,0.8600000000000001,0.9400000000000002,good_worker,0.8684000000000001,heart,0
511,task_3H7,xbNWA,lung,easy_task,0.8600000000000001,0.8900000000000005,good_worker,0.8754000000000001,heart,0
512,task_3H7,cmGxv,lung,easy_task,0.8600000000000001,0.9000000000000002,good_worker,0.8740000000000001,heart,0
513,task_QUk,cmEcz,lung,easy_task,0.8500000000000001,0.9100000000000001,good_worker,0.8635,heart,0
514,task_QUk,TbL4U,lung,easy_task,0.8500000000000001,0.9000000000000002,good_worker,0.865,heart,0
515,task_QUk,puNxr,lung,easy_task,0.8500000000000001,0.8600000000000002,good_worker,0.871,blood,0
516,task_QUk,EXN7W,lung,easy_task,0.8500000000000001,0.85,good_worker,0.8725,heart,0
517,task_QUk,EQ3gR,lung,easy_task,0.8500000000000001,0.9700000000000004,good_worker,0.8545,heart,0
518,task_QUk,bUvzX,lung,easy_task,0.8500000000000001,0.9400000000000002,good_worker,0.8590000000000001,blood,0
519,task_QUk,QojUY,lung,easy_task,0.8500000000000001,0.9600000000000003,good_worker,0.8560000000000001,blood,0
520,task_QUk,cXXaN,lung,easy_task,0.8500000000000001,0.9900000000000002,good_worker,0.8515,heart,0
521,task_QUk,xbNWA,lung,easy_task,0.8500000000000001,0.8900000000000005,good_worker,0.8665,heart,0
522,task_Kfq,EQ3gR,blood,easy_task,0.8700000000000001,0.9700000000000004,good_worker,0.8739,heart,0
523,task_Kfq,cmGxv,blood,easy_task,0.8700000000000001,0.9000000000000002,good_worker,0.883,heart,0
524,task_Kfq,Bpea7,blood,easy_task,0.8700000000000001,0.9500000000000002,good_worker,0.8765000000000001,heart,0
525,task_Kfq,e5fjL,blood,easy_task,0.8700000000000001,0.8600000000000002,good_worker,0.8882000000000001,heart,0
526,task_Kfq,cXXaN,blood,easy_task,0.8700000000000001,0.9900000000000002,good_worker,0.8713000000000001,heart,0
527,task_Kfq,X4KtA,blood,easy_task,0.8700000000000001,0.94,good_worker,0.8778000000000001,heart,0
528,task_Kfq,TbL4U,blood,easy_task,0.8700000000000001,0.9000000000000002,good_worker,0.883,heart,0
529,task_Kfq,puNxr,blood,easy_task,0.8700000000000001,0.8600000000000002,good_worker,0.8882000000000001,heart,0
530,task_Kfq,EXN7W,blood,easy_task,0.8700000000000001,0.85,good_worker,0.8895000000000001,heart,0
531,task_7uK,XXoBg,lung,easy_task,0.8,0.8900000000000003,good_worker,0.822,brain,0
532,task_7uK,cmGxv,lung,easy_task,0.8,0.9000000000000002,good_worker,0.82,heart,0
533,task_7uK,cXXaN,lung,easy_task,0.8,0.9900000000000002,good_worker,0.802,heart,0
534,task_7uK,cmEcz,lung,easy_task,0.8,0.9100000000000001,good_worker,0.8180000000000001,heart,0
535,task_7uK,xbNWA,lung,easy_task,0.8,0.8900000000000005,good_worker,0.822,heart,0
536,task_7uK,puNxr,lung,easy_task,0.8,0.8600000000000002,good_worker,0.828,heart,0
537,task_7uK,e5fjL,lung,easy_task,0.8,0.8600000000000002,good_worker,0.828,heart,0
538,task_7uK,TbL4U,lung,easy_task,0.8,0.9000000000000002,good_worker,0.82,heart,0
539,task_7uK,Bpea7,lung,easy_task,0.8,0.9500000000000002,good_worker,0.81,brain,0
540,task_szP,bUvzX,liver,easy_task,0.9200000000000002,0.9400000000000002,good_worker,0.9248000000000001,heart,0
541,task_szP,cXXaN,liver,easy_task,0.9200000000000002,0.9900000000000002,good_worker,0.9208000000000002,heart,0
542,task_szP,Bpea7,liver,easy_task,0.9200000000000002,0.9500000000000002,good_worker,0.9240000000000002,heart,0
543,task_szP,X4KtA,liver,easy_task,0.9200000000000002,0.94,good_worker,0.9248000000000002,heart,0
544,task_szP,ydABU,liver,easy_task,0.9200000000000002,0.84,good_worker,0.9328000000000001,heart,0
545,task_szP,cmEcz,liver,easy_task,0.9200000000000002,0.9100000000000001,good_worker,0.9272000000000001,heart,0
546,task_szP,QojUY,liver,easy_task,0.9200000000000002,0.9600000000000003,good_worker,0.9232000000000001,heart,0
547,task_szP,EXN7W,liver,easy_task,0.9200000000000002,0.85,good_worker,0.9320000000000002,heart,0
548,task_szP,JQtWi,liver,easy_task,0.9200000000000002,0.9100000000000001,good_worker,0.9272000000000001,heart,0
549,task_T3Q,QojUY,lung,easy_task,0.9200000000000002,0.9600000000000003,good_worker,0.9232000000000001,heart,0
550,task_T3Q,e5fjL,lung,easy_task,0.9200000000000002,0.8600000000000002,good_worker,0.9312000000000001,heart,0
551,task_T3Q,JQtWi,lung,easy_task,0.9200000000000002,0.9100000000000001,good_worker,0.9272000000000001,heart,0
552,task_T3Q,ydABU,lung,easy_task,0.9200000000000002,0.84,good_worker,0.9328000000000001,heart,0
553,task_T3Q,cmGxv,lung,easy_task,0.9200000000000002,0.9000000000000002,good_worker,0.9280000000000002,heart,0
554,task_T3Q,xbNWA,lung,easy_task,0.9200000000000002,0.8900000000000005,good_worker,0.9288000000000001,heart,0
555,task_T3Q,bUvzX,lung,easy_task,0.9200000000000002,0.9400000000000002,good_worker,0.9248000000000001,heart,0
556,task_T3Q,puNxr,lung,easy_task,0.9200000000000002,0.8600000000000002,good_worker,0.9312000000000001,heart,0
557,task_T3Q,Bpea7,lung,easy_task,0.9200000000000002,0.9500000000000002,good_worker,0.9240000000000002,heart,0
558,task_T3J,bUvzX,brain,hard_task,0.7100000000000002,0.9400000000000002,good_worker,0.7274,heart,0
559,task_T3J,ydABU,brain,hard_task,0.7100000000000002,0.84,good_worker,0.7564000000000002,heart,0
560,task_T3J,ixEF8,brain,hard_task,0.7100000000000002,0.9800000000000002,good_worker,0.7158000000000001,brain,1
561,task_T3J,XXoBg,brain,hard_task,0.7100000000000002,0.8900000000000003,good_worker,0.7419,heart,0
562,task_T3J,puNxr,brain,hard_task,0.7100000000000002,0.8600000000000002,good_worker,0.7506000000000002,heart,0
563,task_T3J,cXXaN,brain,hard_task,0.7100000000000002,0.9900000000000002,good_worker,0.7129000000000001,heart,0
564,task_T3J,TbL4U,brain,hard_task,0.7100000000000002,0.9000000000000002,good_worker,0.7390000000000001,blood,0
565,task_T3J,QojUY,brain,hard_task,0.7100000000000002,0.9600000000000003,good_worker,0.7216,heart,0
566,task_T3J,cmEcz,brain,hard_task,0.7100000000000002,0.9100000000000001,good_worker,0.7361000000000002,heart,0
567,task_ZZH,xbNWA,liver,easy_task,0.81,0.8900000000000005,good_worker,0.8309,heart,0
568,task_ZZH,TbL4U,liver,easy_task,0.81,0.9000000000000002,good_worker,0.829,heart,0
569,task_ZZH,bUvzX,liver,easy_task,0.81,0.9400000000000002,good_worker,0.8214,heart,0
570,task_ZZH,Bpea7,liver,easy_task,0.81,0.9500000000000002,good_worker,0.8195,heart,0
571,task_ZZH,XXoBg,liver,easy_task,0.81,0.8900000000000003,good_worker,0.8309,liver,1
572,task_ZZH,EXN7W,liver,easy_task,0.81,0.85,good_worker,0.8385,heart,0
573,task_ZZH,EQ3gR,liver,easy_task,0.81,0.9700000000000004,good_worker,0.8157,liver,1
574,task_ZZH,cXXaN,liver,easy_task,0.81,0.9900000000000002,good_worker,0.8119000000000001,heart,0
575,task_ZZH,puNxr,liver,easy_task,0.81,0.8600000000000002,good_worker,0.8366,heart,0
576,task_FJM,bUvzX,lung,hard_task,0.56,0.9400000000000002,good_worker,0.5864,heart,0
577,task_FJM,X4KtA,lung,hard_task,0.56,0.94,good_worker,0.5864,liver,0
578,task_FJM,XXoBg,lung,hard_task,0.56,0.8900000000000003,good_worker,0.6083999999999998,heart,0
579,task_FJM,ydABU,lung,hard_task,0.56,0.84,good_worker,0.6304000000000001,blood,0
580,task_FJM,xbNWA,lung,hard_task,0.56,0.8900000000000005,good_worker,0.6083999999999998,heart,0
581,task_FJM,ixEF8,lung,hard_task,0.56,0.9800000000000002,good_worker,0.5688,heart,0
582,task_FJM,cmGxv,lung,hard_task,0.56,0.9000000000000002,good_worker,0.6039999999999999,lung,1
583,task_FJM,puNxr,lung,hard_task,0.56,0.8600000000000002,good_worker,0.6215999999999999,lung,1
584,task_FJM,TbL4U,lung,hard_task,0.56,0.9000000000000002,good_worker,0.6039999999999999,heart,0
585,task_7ZC,bUvzX,heart,easy_task,0.79,0.9400000000000002,good_worker,0.8026,heart,1
586,task_7ZC,X4KtA,heart,easy_task,0.79,0.94,good_worker,0.8026,lung,0
587,task_7ZC,cXXaN,heart,easy_task,0.79,0.9900000000000002,good_worker,0.7921,heart,1
588,task_7ZC,EQ3gR,heart,easy_task,0.79,0.9700000000000004,good_worker,0.7963,heart,1
589,task_7ZC,cmGxv,heart,easy_task,0.79,0.9000000000000002,good_worker,0.8109999999999999,heart,1
590,task_7ZC,cmEcz,heart,easy_task,0.79,0.9100000000000001,good_worker,0.8089,heart,1
591,task_7ZC,e5fjL,heart,easy_task,0.79,0.8600000000000002,good_worker,0.8194,heart,1
592,task_7ZC,EXN7W,heart,easy_task,0.79,0.85,good_worker,0.8215,brain,0
593,task_7ZC,xbNWA,heart,easy_task,0.79,0.8900000000000005,good_worker,0.8130999999999999,blood,0
594,task_7EV,e5fjL,lung,easy_task,0.9300000000000002,0.8600000000000002,good_worker,0.9398000000000001,heart,0
595,task_7EV,X4KtA,lung,easy_task,0.9300000000000002,0.94,good_worker,0.9342000000000001,heart,0
596,task_7EV,XXoBg,lung,easy_task,0.9300000000000002,0.8900000000000003,good_worker,0.9377000000000001,heart,0
597,task_7EV,ixEF8,lung,easy_task,0.9300000000000002,0.9800000000000002,good_worker,0.9314000000000001,heart,0
598,task_7EV,bUvzX,lung,easy_task,0.9300000000000002,0.9400000000000002,good_worker,0.9342000000000001,heart,0
599,task_7EV,cXXaN,lung,easy_task,0.9300000000000002,0.9900000000000002,good_worker,0.9307000000000001,heart,0
600,task_7EV,JQtWi,lung,easy_task,0.9300000000000002,0.9100000000000001,good_worker,0.9363000000000001,heart,0
601,task_7EV,TbL4U,lung,easy_task,0.9300000000000002,0.9000000000000002,good_worker,0.9370000000000002,heart,0
602,task_7EV,puNxr,lung,easy_task,0.9300000000000002,0.8600000000000002,good_worker,0.9398000000000001,heart,0
603,task_vfn,cXXaN,liver,easy_task,0.9400000000000002,0.9900000000000002,good_worker,0.9406000000000001,heart,0
604,task_vfn,ixEF8,liver,easy_task,0.9400000000000002,0.9800000000000002,good_worker,0.9412000000000001,heart,0
605,task_vfn,e5fjL,liver,easy_task,0.9400000000000002,0.8600000000000002,good_worker,0.9484000000000001,heart,0
606,task_vfn,XXoBg,liver,easy_task,0.9400000000000002,0.8900000000000003,good_worker,0.9466000000000001,heart,0
607,task_vfn,cmEcz,liver,easy_task,0.9400000000000002,0.9100000000000001,good_worker,0.9454000000000001,heart,0
608,task_vfn,Bpea7,liver,easy_task,0.9400000000000002,0.9500000000000002,good_worker,0.9430000000000002,heart,0
609,task_vfn,EXN7W,liver,easy_task,0.9400000000000002,0.85,good_worker,0.9490000000000002,heart,0
610,task_vfn,cmGxv,liver,easy_task,0.9400000000000002,0.9000000000000002,good_worker,0.9460000000000002,heart,0
611,task_vfn,EQ3gR,liver,easy_task,0.9400000000000002,0.9700000000000004,good_worker,0.9418000000000002,heart,0
612,task_3eV,X4KtA,blood,easy_task,0.9100000000000001,0.94,good_worker,0.9154000000000001,heart,0
613,task_3eV,puNxr,blood,easy_task,0.9100000000000001,0.8600000000000002,good_worker,0.9226000000000001,heart,0
614,task_3eV,QojUY,blood,easy_task,0.9100000000000001,0.9600000000000003,good_worker,0.9136000000000001,heart,0
615,task_3eV,JQtWi,blood,easy_task,0.9100000000000001,0.9100000000000001,good_worker,0.9181000000000001,heart,0
616,task_3eV,XXoBg,blood,easy_task,0.9100000000000001,0.8900000000000003,good_worker,0.9199,heart,0
617,task_3eV,xbNWA,blood,easy_task,0.9100000000000001,0.8900000000000005,good_worker,0.9199,heart,0
618,task_3eV,EQ3gR,blood,easy_task,0.9100000000000001,0.9700000000000004,good_worker,0.9127000000000001,heart,0
619,task_3eV,bUvzX,blood,easy_task,0.9100000000000001,0.9400000000000002,good_worker,0.9154000000000001,heart,0
620,task_3eV,cmGxv,blood,easy_task,0.9100000000000001,0.9000000000000002,good_worker,0.9190000000000002,heart,0
621,task_gfU,JQtWi,liver,easy_task,0.8900000000000001,0.9100000000000001,good_worker,0.8999000000000001,heart,0
622,task_gfU,QojUY,liver,easy_task,0.8900000000000001,0.9600000000000003,good_worker,0.8944000000000001,heart,0
623,task_gfU,cmEcz,liver,easy_task,0.8900000000000001,0.9100000000000001,good_worker,0.8999000000000001,heart,0
624,task_gfU,e5fjL,liver,easy_task,0.8900000000000001,0.8600000000000002,good_worker,0.9054000000000001,heart,0
625,task_gfU,bUvzX,liver,easy_task,0.8900000000000001,0.9400000000000002,good_worker,0.8966000000000001,brain,0
626,task_gfU,EQ3gR,liver,easy_task,0.8900000000000001,0.9700000000000004,good_worker,0.8933000000000001,heart,0
627,task_gfU,Bpea7,liver,easy_task,0.8900000000000001,0.9500000000000002,good_worker,0.8955000000000001,heart,0
628,task_gfU,EXN7W,liver,easy_task,0.8900000000000001,0.85,good_worker,0.9065000000000001,heart,0
629,task_gfU,xbNWA,liver,easy_task,0.8900000000000001,0.8900000000000005,good_worker,0.9021,heart,0
630,task_bdH,xbNWA,blood,easy_task,0.9700000000000002,0.8900000000000005,good_worker,0.9733000000000002,heart,0
631,task_bdH,TbL4U,blood,easy_task,0.9700000000000002,0.9000000000000002,good_worker,0.9730000000000002,heart,0
632,task_bdH,ydABU,blood,easy_task,0.9700000000000002,0.84,good_worker,0.9748000000000001,heart,0
633,task_bdH,Bpea7,blood,easy_task,0.9700000000000002,0.9500000000000002,good_worker,0.9715000000000001,heart,0
634,task_bdH,EXN7W,blood,easy_task,0.9700000000000002,0.85,good_worker,0.9745000000000001,heart,0
635,task_bdH,ixEF8,blood,easy_task,0.9700000000000002,0.9800000000000002,good_worker,0.9706000000000001,heart,0
636,task_bdH,X4KtA,blood,easy_task,0.9700000000000002,0.94,good_worker,0.9718000000000002,heart,0
637,task_bdH,puNxr,blood,easy_task,0.9700000000000002,0.8600000000000002,good_worker,0.9742000000000002,heart,0
638,task_bdH,QojUY,blood,easy_task,0.9700000000000002,0.9600000000000003,good_worker,0.9712000000000002,heart,0
639,task_YGL,EQ3gR,brain,easy_task,0.8400000000000001,0.9700000000000004,good_worker,0.8448,heart,0
640,task_YGL,cmEcz,brain,easy_task,0.8400000000000001,0.9100000000000001,good_worker,0.8544,heart,0
641,task_YGL,cmGxv,brain,easy_task,0.8400000000000001,0.9000000000000002,good_worker,0.8560000000000001,heart,0
642,task_YGL,bUvzX,brain,easy_task,0.8400000000000001,0.9400000000000002,good_worker,0.8496,heart,0
643,task_YGL,ydABU,brain,easy_task,0.8400000000000001,0.84,good_worker,0.8656,heart,0
644,task_YGL,X4KtA,brain,easy_task,0.8400000000000001,0.94,good_worker,0.8496000000000001,lung,0
645,task_YGL,TbL4U,brain,easy_task,0.8400000000000001,0.9000000000000002,good_worker,0.8560000000000001,heart,0
646,task_YGL,xbNWA,brain,easy_task,0.8400000000000001,0.8900000000000005,good_worker,0.8576,heart,0
647,task_YGL,JQtWi,brain,easy_task,0.8400000000000001,0.9100000000000001,good_worker,0.8544,lung,0
648,task_grT,ydABU,liver,easy_task,0.9200000000000002,0.84,good_worker,0.9328000000000001,heart,0
649,task_grT,EQ3gR,liver,easy_task,0.9200000000000002,0.9700000000000004,good_worker,0.9224000000000001,heart,0
650,task_grT,bUvzX,liver,easy_task,0.9200000000000002,0.9400000000000002,good_worker,0.9248000000000001,heart,0
651,task_grT,JQtWi,liver,easy_task,0.9200000000000002,0.9100000000000001,good_worker,0.9272000000000001,heart,0
652,task_grT,X4KtA,liver,easy_task,0.9200000000000002,0.94,good_worker,0.9248000000000002,heart,0
653,task_grT,EXN7W,liver,easy_task,0.9200000000000002,0.85,good_worker,0.9320000000000002,heart,0
654,task_grT,Bpea7,liver,easy_task,0.9200000000000002,0.9500000000000002,good_worker,0.9240000000000002,heart,0
655,task_grT,cmGxv,liver,easy_task,0.9200000000000002,0.9000000000000002,good_worker,0.9280000000000002,heart,0
656,task_grT,xbNWA,liver,easy_task,0.9200000000000002,0.8900000000000005,good_worker,0.9288000000000001,heart,0
657,task_xjZ,cXXaN,heart,easy_task,0.78,0.9900000000000002,good_worker,0.7822,heart,1
658,task_xjZ,cmEcz,heart,easy_task,0.78,0.9100000000000001,good_worker,0.7998,heart,1
659,task_xjZ,TbL4U,heart,easy_task,0.78,0.9000000000000002,good_worker,0.8019999999999999,heart,1
660,task_xjZ,e5fjL,heart,easy_task,0.78,0.8600000000000002,good_worker,0.8108,heart,1
661,task_xjZ,xbNWA,heart,easy_task,0.78,0.8900000000000005,good_worker,0.8041999999999999,heart,1
662,task_xjZ,EQ3gR,heart,easy_task,0.78,0.9700000000000004,good_worker,0.7866,heart,1
663,task_xjZ,QojUY,heart,easy_task,0.78,0.9600000000000003,good_worker,0.7888,heart,1
664,task_xjZ,JQtWi,heart,easy_task,0.78,0.9100000000000001,good_worker,0.7998,blood,0
665,task_xjZ,X4KtA,heart,easy_task,0.78,0.94,good_worker,0.7932,heart,1
666,task_V37,XXoBg,lung,easy_task,0.8600000000000001,0.8900000000000003,good_worker,0.8754000000000001,heart,0
667,task_V37,cmEcz,lung,easy_task,0.8600000000000001,0.9100000000000001,good_worker,0.8726,heart,0
668,task_V37,puNxr,lung,easy_task,0.8600000000000001,0.8600000000000002,good_worker,0.8796,heart,0
669,task_V37,cmGxv,lung,easy_task,0.8600000000000001,0.9000000000000002,good_worker,0.8740000000000001,heart,0
670,task_V37,ydABU,lung,easy_task,0.8600000000000001,0.84,good_worker,0.8824000000000001,heart,0
671,task_V37,Bpea7,lung,easy_task,0.8600000000000001,0.9500000000000002,good_worker,0.8670000000000001,lung,1
672,task_V37,ixEF8,lung,easy_task,0.8600000000000001,0.9800000000000002,good_worker,0.8628,liver,0
673,task_V37,JQtWi,lung,easy_task,0.8600000000000001,0.9100000000000001,good_worker,0.8726,heart,0
674,task_V37,e5fjL,lung,easy_task,0.8600000000000001,0.8600000000000002,good_worker,0.8796,heart,0
675,task_6Jg,puNxr,blood,easy_task,0.77,0.8600000000000002,good_worker,0.8022,heart,0
676,task_6Jg,EQ3gR,blood,easy_task,0.77,0.9700000000000004,good_worker,0.7768999999999999,heart,0
677,task_6Jg,e5fjL,blood,easy_task,0.77,0.8600000000000002,good_worker,0.8022,heart,0
678,task_6Jg,X4KtA,blood,easy_task,0.77,0.94,good_worker,0.7838,heart,0
679,task_6Jg,TbL4U,blood,easy_task,0.77,0.9000000000000002,good_worker,0.7929999999999999,brain,0
680,task_6Jg,cmEcz,blood,easy_task,0.77,0.9100000000000001,good_worker,0.7907,heart,0
681,task_6Jg,xbNWA,blood,easy_task,0.77,0.8900000000000005,good_worker,0.7952999999999999,heart,0
682,task_6Jg,ydABU,blood,easy_task,0.77,0.84,good_worker,0.8068,heart,0
683,task_6Jg,XXoBg,blood,easy_task,0.77,0.8900000000000003,good_worker,0.7952999999999999,heart,0
684,task_Tyy,Bpea7,blood,easy_task,0.8900000000000001,0.9500000000000002,good_worker,0.8955000000000001,blood,1
685,task_Tyy,cXXaN,blood,easy_task,0.8900000000000001,0.9900000000000002,good_worker,0.8911000000000001,heart,0
686,task_Tyy,JQtWi,blood,easy_task,0.8900000000000001,0.9100000000000001,good_worker,0.8999000000000001,heart,0
687,task_Tyy,EXN7W,blood,easy_task,0.8900000000000001,0.85,good_worker,0.9065000000000001,liver,0
688,task_Tyy,XXoBg,blood,easy_task,0.8900000000000001,0.8900000000000003,good_worker,0.9021000000000001,heart,0
689,task_Tyy,X4KtA,blood,easy_task,0.8900000000000001,0.94,good_worker,0.8966000000000001,heart,0
690,task_Tyy,EQ3gR,blood,easy_task,0.8900000000000001,0.9700000000000004,good_worker,0.8933000000000001,heart,0
691,task_Tyy,cmGxv,blood,easy_task,0.8900000000000001,0.9000000000000002,good_worker,0.901,heart,0
692,task_Tyy,TbL4U,blood,easy_task,0.8900000000000001,0.9000000000000002,good_worker,0.901,heart,0
693,task_Mj4,ixEF8,heart,easy_task,0.77,0.9800000000000002,good_worker,0.7746,heart,1
694,task_Mj4,Bpea7,heart,easy_task,0.77,0.9500000000000002,good_worker,0.7815,heart,1
695,task_Mj4,xbNWA,heart,easy_task,0.77,0.8900000000000005,good_worker,0.7952999999999999,heart,1
696,task_Mj4,JQtWi,heart,easy_task,0.77,0.9100000000000001,good_worker,0.7907,heart,1
697,task_Mj4,cXXaN,heart,easy_task,0.77,0.9900000000000002,good_worker,0.7723,brain,0
698,task_Mj4,EXN7W,heart,easy_task,0.77,0.85,good_worker,0.8045,heart,1
699,task_Mj4,QojUY,heart,easy_task,0.77,0.9600000000000003,good_worker,0.7791999999999999,heart,1
700,task_Mj4,cmEcz,heart,easy_task,0.77,0.9100000000000001,good_worker,0.7907,heart,1
701,task_Mj4,X4KtA,heart,easy_task,0.77,0.94,good_worker,0.7838,heart,1
702,task_AV3,cXXaN,brain,easy_task,0.9500000000000002,0.9900000000000002,good_worker,0.9505000000000001,heart,0
703,task_AV3,EQ3gR,brain,easy_task,0.9500000000000002,0.9700000000000004,good_worker,0.9515000000000001,lung,0
704,task_AV3,cmGxv,brain,easy_task,0.9500000000000002,0.9000000000000002,good_worker,0.9550000000000002,heart,0
705,task_AV3,Bpea7,brain,easy_task,0.9500000000000002,0.9500000000000002,good_worker,0.9525000000000001,heart,0
706,task_AV3,xbNWA,brain,easy_task,0.9500000000000002,0.8900000000000005,good_worker,0.9555000000000001,heart,0
707,task_AV3,ydABU,brain,easy_task,0.9500000000000002,0.84,good_worker,0.9580000000000002,heart,0
708,task_AV3,TbL4U,brain,easy_task,0.9500000000000002,0.9000000000000002,good_worker,0.9550000000000002,heart,0
709,task_AV3,XXoBg,brain,easy_task,0.9500000000000002,0.8900000000000003,good_worker,0.9555000000000001,heart,0
710,task_AV3,puNxr,brain,easy_task,0.9500000000000002,0.8600000000000002,good_worker,0.9570000000000002,heart,0
711,task_HXT,QojUY,liver,easy_task,0.9200000000000002,0.9600000000000003,good_worker,0.9232000000000001,heart,0
712,task_HXT,ixEF8,liver,easy_task,0.9200000000000002,0.9800000000000002,good_worker,0.9216000000000001,lung,0
713,task_HXT,bUvzX,liver,easy_task,0.9200000000000002,0.9400000000000002,good_worker,0.9248000000000001,heart,0
714,task_HXT,xbNWA,liver,easy_task,0.9200000000000002,0.8900000000000005,good_worker,0.9288000000000001,heart,0
715,task_HXT,ydABU,liver,easy_task,0.9200000000000002,0.84,good_worker,0.9328000000000001,heart,0
716,task_HXT,X4KtA,liver,easy_task,0.9200000000000002,0.94,good_worker,0.9248000000000002,heart,0
717,task_HXT,TbL4U,liver,easy_task,0.9200000000000002,0.9000000000000002,good_worker,0.9280000000000002,heart,0
718,task_HXT,JQtWi,liver,easy_task,0.9200000000000002,0.9100000000000001,good_worker,0.9272000000000001,heart,0
719,task_HXT,puNxr,liver,easy_task,0.9200000000000002,0.8600000000000002,good_worker,0.9312000000000001,heart,0
720,task_Ffr,ixEF8,lung,hard_task,0.6000000000000001,0.9800000000000002,good_worker,0.608,blood,0
721,task_Ffr,cXXaN,lung,hard_task,0.6000000000000001,0.9900000000000002,good_worker,0.604,blood,0
722,task_Ffr,X4KtA,lung,hard_task,0.6000000000000001,0.94,good_worker,0.6240000000000001,blood,0
723,task_Ffr,xbNWA,lung,hard_task,0.6000000000000001,0.8900000000000005,good_worker,0.6439999999999999,blood,0
724,task_Ffr,cmGxv,lung,hard_task,0.6000000000000001,0.9000000000000002,good_worker,0.6399999999999999,heart,0
725,task_Ffr,Bpea7,lung,hard_task,0.6000000000000001,0.9500000000000002,good_worker,0.62,lung,1
726,task_Ffr,TbL4U,lung,hard_task,0.6000000000000001,0.9000000000000002,good_worker,0.6399999999999999,heart,0
727,task_Ffr,XXoBg,lung,hard_task,0.6000000000000001,0.8900000000000003,good_worker,0.6439999999999999,blood,0
728,task_Ffr,EQ3gR,lung,hard_task,0.6000000000000001,0.9700000000000004,good_worker,0.6119999999999999,lung,1
729,task_WXB,ixEF8,lung,easy_task,0.9700000000000002,0.9800000000000002,good_worker,0.9706000000000001,heart,0
730,task_WXB,QojUY,lung,easy_task,0.9700000000000002,0.9600000000000003,good_worker,0.9712000000000002,heart,0
731,task_WXB,EQ3gR,lung,easy_task,0.9700000000000002,0.9700000000000004,good_worker,0.9709000000000002,liver,0
732,task_WXB,Bpea7,lung,easy_task,0.9700000000000002,0.9500000000000002,good_worker,0.9715000000000001,heart,0
733,task_WXB,e5fjL,lung,easy_task,0.9700000000000002,0.8600000000000002,good_worker,0.9742000000000002,heart,0
734,task_WXB,XXoBg,lung,easy_task,0.9700000000000002,0.8900000000000003,good_worker,0.9733000000000002,liver,0
735,task_WXB,puNxr,lung,easy_task,0.9700000000000002,0.8600000000000002,good_worker,0.9742000000000002,heart,0
736,task_WXB,cmGxv,lung,easy_task,0.9700000000000002,0.9000000000000002,good_worker,0.9730000000000002,heart,0
737,task_WXB,cmEcz,lung,easy_task,0.9700000000000002,0.9100000000000001,good_worker,0.9727000000000001,heart,0
738,task_h5B,cXXaN,blood,easy_task,0.75,0.9900000000000002,good_worker,0.7525,heart,0
739,task_h5B,Bpea7,blood,easy_task,0.75,0.9500000000000002,good_worker,0.7625,heart,0
740,task_h5B,e5fjL,blood,easy_task,0.75,0.8600000000000002,good_worker,0.7849999999999999,heart,0
741,task_h5B,cmGxv,blood,easy_task,0.75,0.9000000000000002,good_worker,0.7749999999999999,liver,0
742,task_h5B,cmEcz,blood,easy_task,0.75,0.9100000000000001,good_worker,0.7725,heart,0
743,task_h5B,X4KtA,blood,easy_task,0.75,0.94,good_worker,0.765,heart,0
744,task_h5B,EQ3gR,blood,easy_task,0.75,0.9700000000000004,good_worker,0.7574999999999998,heart,0
745,task_h5B,ydABU,blood,easy_task,0.75,0.84,good_worker,0.79,brain,0
746,task_h5B,TbL4U,blood,easy_task,0.75,0.9000000000000002,good_worker,0.7749999999999999,heart,0
747,task_EC7,ydABU,heart,hard_task,0.6900000000000002,0.84,good_worker,0.7396000000000001,heart,1
748,task_EC7,puNxr,heart,hard_task,0.6900000000000002,0.8600000000000002,good_worker,0.7334,heart,1
749,task_EC7,EXN7W,heart,hard_task,0.6900000000000002,0.85,good_worker,0.7365000000000002,heart,1
750,task_EC7,Bpea7,heart,hard_task,0.6900000000000002,0.9500000000000002,good_worker,0.7055000000000001,heart,1
751,task_EC7,XXoBg,heart,hard_task,0.6900000000000002,0.8900000000000003,good_worker,0.7241,heart,1
752,task_EC7,ixEF8,heart,hard_task,0.6900000000000002,0.9800000000000002,good_worker,0.6962000000000002,lung,0
753,task_EC7,EQ3gR,heart,hard_task,0.6900000000000002,0.9700000000000004,good_worker,0.6993,heart,1
754,task_EC7,bUvzX,heart,hard_task,0.6900000000000002,0.9400000000000002,good_worker,0.7086000000000001,heart,1
755,task_EC7,e5fjL,heart,hard_task,0.6900000000000002,0.8600000000000002,good_worker,0.7334,heart,1
756,task_ZR7,QojUY,brain,easy_task,0.9700000000000002,0.9600000000000003,good_worker,0.9712000000000002,heart,0
757,task_ZR7,TbL4U,brain,easy_task,0.9700000000000002,0.9000000000000002,good_worker,0.9730000000000002,heart,0
758,task_ZR7,cXXaN,brain,easy_task,0.9700000000000002,0.9900000000000002,good_worker,0.9703000000000002,heart,0
759,task_ZR7,X4KtA,brain,easy_task,0.9700000000000002,0.94,good_worker,0.9718000000000002,heart,0
760,task_ZR7,ixEF8,brain,easy_task,0.9700000000000002,0.9800000000000002,good_worker,0.9706000000000001,heart,0
761,task_ZR7,EXN7W,brain,easy_task,0.9700000000000002,0.85,good_worker,0.9745000000000001,heart,0
762,task_ZR7,XXoBg,brain,easy_task,0.9700000000000002,0.8900000000000003,good_worker,0.9733000000000002,heart,0
763,task_ZR7,puNxr,brain,easy_task,0.9700000000000002,0.8600000000000002,good_worker,0.9742000000000002,heart,0
764,task_ZR7,cmEcz,brain,easy_task,0.9700000000000002,0.9100000000000001,good_worker,0.9727000000000001,heart,0
765,task_sBr,TbL4U,blood,easy_task,0.9800000000000002,0.9000000000000002,good_worker,0.9820000000000002,heart,0
766,task_sBr,EQ3gR,blood,easy_task,0.9800000000000002,0.9700000000000004,good_worker,0.9806000000000001,heart,0
767,task_sBr,puNxr,blood,easy_task,0.9800000000000002,0.8600000000000002,good_worker,0.9828000000000001,heart,0
768,task_sBr,e5fjL,blood,easy_task,0.9800000000000002,0.8600000000000002,good_worker,0.9828000000000001,heart,0
769,task_sBr,EXN7W,blood,easy_task,0.9800000000000002,0.85,good_worker,0.9830000000000002,heart,0
770,task_sBr,ixEF8,blood,easy_task,0.9800000000000002,0.9800000000000002,good_worker,0.9804000000000002,heart,0
771,task_sBr,XXoBg,blood,easy_task,0.9800000000000002,0.8900000000000003,good_worker,0.9822000000000002,heart,0
772,task_sBr,cmGxv,blood,easy_task,0.9800000000000002,0.9000000000000002,good_worker,0.9820000000000002,heart,0
773,task_sBr,ydABU,blood,easy_task,0.9800000000000002,0.84,good_worker,0.9832000000000002,heart,0
774,task_J6e,X4KtA,liver,easy_task,0.9600000000000002,0.94,good_worker,0.9624000000000001,heart,0
775,task_J6e,EXN7W,liver,easy_task,0.9600000000000002,0.85,good_worker,0.9660000000000002,heart,0
776,task_J6e,cmGxv,liver,easy_task,0.9600000000000002,0.9000000000000002,good_worker,0.9640000000000002,heart,0
777,task_J6e,JQtWi,liver,easy_task,0.9600000000000002,0.9100000000000001,good_worker,0.9636000000000001,heart,0
778,task_J6e,xbNWA,liver,easy_task,0.9600000000000002,0.8900000000000005,good_worker,0.9644000000000001,heart,0
779,task_J6e,puNxr,liver,easy_task,0.9600000000000002,0.8600000000000002,good_worker,0.9656000000000001,heart,0
780,task_J6e,bUvzX,liver,easy_task,0.9600000000000002,0.9400000000000002,good_worker,0.9624000000000001,heart,0
781,task_J6e,cmEcz,liver,easy_task,0.9600000000000002,0.9100000000000001,good_worker,0.9636000000000001,liver,1
782,task_J6e,EQ3gR,liver,easy_task,0.9600000000000002,0.9700000000000004,good_worker,0.9612000000000002,heart,0
783,task_JU8,ydABU,brain,easy_task,0.9500000000000002,0.84,good_worker,0.9580000000000002,heart,0
784,task_JU8,cXXaN,brain,easy_task,0.9500000000000002,0.9900000000000002,good_worker,0.9505000000000001,heart,0
785,task_JU8,ixEF8,brain,easy_task,0.9500000000000002,0.9800000000000002,good_worker,0.9510000000000002,heart,0
786,task_JU8,QojUY,brain,easy_task,0.9500000000000002,0.9600000000000003,good_worker,0.9520000000000002,heart,0
787,task_JU8,X4KtA,brain,easy_task,0.9500000000000002,0.94,good_worker,0.9530000000000002,heart,0
788,task_JU8,cmGxv,brain,easy_task,0.9500000000000002,0.9000000000000002,good_worker,0.9550000000000002,heart,0
789,task_JU8,JQtWi,brain,easy_task,0.9500000000000002,0.9100000000000001,good_worker,0.9545000000000001,heart,0
790,task_JU8,XXoBg,brain,easy_task,0.9500000000000002,0.8900000000000003,good_worker,0.9555000000000001,heart,0
791,task_JU8,TbL4U,brain,easy_task,0.9500000000000002,0.9000000000000002,good_worker,0.9550000000000002,heart,0
792,task_BHe,JQtWi,heart,easy_task,0.9100000000000001,0.9100000000000001,good_worker,0.9181000000000001,heart,1
793,task_BHe,EXN7W,heart,easy_task,0.9100000000000001,0.85,good_worker,0.9235000000000001,heart,1
794,task_BHe,TbL4U,heart,easy_task,0.9100000000000001,0.9000000000000002,good_worker,0.9190000000000002,heart,1
795,task_BHe,QojUY,heart,easy_task,0.9100000000000001,0.9600000000000003,good_worker,0.9136000000000001,heart,1
796,task_BHe,ydABU,heart,easy_task,0.9100000000000001,0.84,good_worker,0.9244000000000001,heart,1
797,task_BHe,xbNWA,heart,easy_task,0.9100000000000001,0.8900000000000005,good_worker,0.9199,heart,1
798,task_BHe,ixEF8,heart,easy_task,0.9100000000000001,0.9800000000000002,good_worker,0.9118000000000002,heart,1
799,task_BHe,cXXaN,heart,easy_task,0.9100000000000001,0.9900000000000002,good_worker,0.9109000000000002,heart,1
800,task_BHe,bUvzX,heart,easy_task,0.9100000000000001,0.9400000000000002,good_worker,0.9154000000000001,heart,1
